[
{
    "Semester1": [
        {
            "courseId": "ATA121",
            "courseName": "Atatürk İlkeleri ve İnkılap Tarihi I",
            "Type": "Must",
            "T": "2",
            "U": "0",
            "Credit": "2,00",
            "ECTS": "2,00",
            "Instructor": "HÜLYA ÖZLER",
            "Capacity": "0",
            "Schedule": [
            {
            	"Day":"Saturday",
            	"Start":"15:00",
            	"End":"16:50"
            }
            ]
        },
        {
            "courseId": "MBG1201",
            "courseName": "Introduction to Modern Biology",
            "Type": "Must",
            "T": "3",
            "U": "0",
            "Credit": "5,00",
            "ECTS": "5,00",
            "Instructor": "BESTE TURANLI",
            "Capacity": "0",
            "Schedule": [
            {
            	"Day":"Thursday",
            	"Start":"09:00",
            	"End":"10:50"
            },
            {
            	"Day":"Friday",
            	"Start":"11:00",
            	"End":"11:50"
            }
            ]
        },
        {
            "courseId": "CSE1200",
            "courseName": "Introduction to Computer Engineering",
            "Type": "Must",
            "T": "3",
            "U": "0",
            "Credit": "4,00",
            "ECTS": "4,00",
            "Instructor": "FATMA ERGİN",
            "Capacity": "0",
            "Schedule": [
            {
            	"Day":"Tuesday",
            	"Start":"09:00",
            	"End":"10:50"
            },
            {
            	"Day":"Wednesday",
            	"Start":"11:00",
            	"End":"11:50"
            }
            ]
        },
        {
            "courseId": "CSE1241",
            "courseName": "Computer Programming I",
            "Type": "Must",
            "T": "3",
            "U": "2",
            "Credit": "6,00",
            "ECTS": "6,00",
            "Instructor": "SANEM YILMAZ",
            "Capacity": "0",
            "Lab":{
            	"Day":"Wednesday",
            	"Start":"13:00",
            	"End":"14:50"
            },
            "Schedule": [
            {
            	"Day":"Monday",
            	"Start":"11:00",
            	"End":"12:50"
            },
            {
            	"Day":"Tuesday",
            	"Start":"11:00",
            	"End":"11:50"
            }
            ]
            
        },
        {
            "courseId": "MATH1001",
            "courseName": "Calculus I",
            "Type": "Must",
            "T": "4",
            "U": "0",
            "Credit": "6,00",
            "ECTS": "6,00",
            "Instructor": "MUSTAFA ŞENGÜL",
            "Capacity": "0",
            "Schedule": [
            {
            	"Day":"Monday",
            	"Start":"09:00",
            	"End":"10:50"
            },
            {
            	"Day":"Wednesday",
            	"Start":"09:00",
            	"End":"10:50"
            }
            ]
        },
        {
            "courseId": "PHYS1101",
            "courseName": "Physics I",
            "Type": "Must",
            "T": "3",
            "U": "0",
            "Credit": "4,00",
            "ECTS": "4,00",
            "Instructor": "MUSTAFA ALEVLİ",
            "Capacity": "0",
            "Schedule": [
            {
            	"Day":"Tuesday",
            	"Start":"15:00",
            	"End":"15:50"
            },
            {
            	"Day":"Thursday",
            	"Start":"14:00",
            	"End":"15:50"
            }
            ]
        },
        {
            "courseId": "PHYS1103",
            "courseName": "Physics Lab I",
            "Type": "Must",
            "T": "0",
            "U": "2",
            "Credit": "2,00",
            "ECTS": "2,00",
            "Instructor": "HÜSEYİN YALTIRIK",
            "Capacity": "0",
            "Schedule": [
            {
            	"Day":"Monday",
            	"Start":"17:00",
            	"End":"18:50"
            }
            ]
        },
        {
            "courseId": "TRD121",
            "courseName": "Türk Dili I",
            "Type": "Must",
            "T": "2",
            "U": "0",
            "Credit": "2,00",
            "ECTS": "2,00",
            "Instructor": "YASEMİN BULUT",
            "Capacity": "0",
            "Schedule": [
            {
            	"Day":"Saturday",
            	"Start":"13:00",
            	"End":"14:50"
            }
            ]
        }
    ]
},

{
    "Semester2": [
        {
            "courseId": "ATA122",
            "courseName": "Atatürk İlkeleri ve İnkılap Tarihi II",
            "Type": "Must",
            "T": "2",
            "U": "0",
            "Credit": "2,00",
            "ECTS": "2,00",
            "Instructor": "HÜLYA ÖZLER",
            "Capacity": "0",
            "Schedule": [
            {
            	"Day":"Sunday",
            	"Start":"13:00",
            	"End":"14:50"
            }
            ]
        },
        {
            "courseId": "CSE1242",
            "courseName": "Computer Programming II",
            "Type": "Must",
            "T": "3",
            "U": "2",
            "Credit": "6,00",
            "ECTS": "6,00",
            "Instructor": "SANEM YILMAZ",
            "Capacity": "0",
            "Lab":{
            	"Day":"Wednesday",
            	"Start":"15:00",
            	"End":"16:50"
            },
            "Schedule": [
            {
            	"Day":"Monday",
            	"Start":"11:00",
            	"End":"12:50"
            },
            {
            	"Day":"Tuesday",
            	"Start":"11:00",
            	"End":"11:50"
            }
            ]
        },
        {
            "courseId": "MATH1002",
            "courseName": "Calculus II",
            "Type": "Must",
            "T": "4",
            "U": "0",
            "Credit": "6,00",
            "ECTS": "6,00",
            "Instructor": "MUSTAFA ÇELİK",
            "Capacity": "0",
            "Schedule": [
            {
            	"Day":"Tuesday",
            	"Start":"09:00",
            	"End":"10:50"
            },
            {
            	"Day":"Wednesday",
            	"Start":"10:00",
            	"End":"11:50"
            }
            ]
        },
        {
            "courseId": "MATH2256",
            "courseName": "Linear Algebra for Computer Engineering",
            "Type": "Must",
            "T": "3",
            "U": "0",
            "Credit": "5,00",
            "ECTS": "5,00",
            "Instructor": "MUSTAFA ŞENGÜL",
            "Capacity": "0",
            "Schedule": [
            {
            	"Day":"Monday",
            	"Start":"10:00",
            	"End":"10:50"
            },
            {
            	"Day":"Thursday",
            	"Start":"10:00",
            	"End":"11:50"
            }
            ]
        },
        {
            "courseId": "PHYS1102",
            "courseName": "Physics II",
            "Type": "Must",
            "T": "3",
            "U": "0",
            "Credit": "4,00",
            "ECTS": "4,00",
            "Instructor": "MUSTAFA ALEVLİ",
            "Capacity": "0",
            "Schedule": [
            {
            	"Day":"Thursday",
            	"Start":"14:00",
            	"End":"16:50"
            }
            ]
        },
        {
            "courseId": "PHYS1104",
            "courseName": "Physics Lab II",
            "Type": "Must",
            "T": "0",
            "U": "2",
            "Credit": "2,00",
            "ECTS": "2,00",
            "Instructor": "HÜSEYİN YALTIRIK",
            "Capacity": "0",
            "Schedule": [
            {
            	"Day":"Monday",
            	"Start":"14:00",
            	"End":"15:50"
            }
            ]
        },
        {
            "courseId": "TRD122",
            "courseName": "Türk Dili II",
            "Type": "Must",
            "T": "2",
            "U": "0",
            "Credit": "2,00",
            "ECTS": "2,00",
            "Instructor": "YASEMİN BULUT",
            "Capacity": "0",
            "Schedule": [
            {
            	"Day":"Saturday",
            	"Start":"09:00",
            	"End":"10:50"
            }
            ]
        },
        {
            "courseId": "NTExxx",
            "courseName": "Non-Technical Elective - 1",
            "Type": "NTE",
            "T": "2",
            "U": "0",
            "Credit": "3,00",
            "ECTS": "3,00",
            "Instructor": "",
            "Capacity": "0",
            "Schedule":[]
        }
    ]
},

{
    "Semester3": [
        {
            "courseId": "CSE2023",
            "courseName": "Discrete Computational Structures",
            "Type": "Must",
            "T": "3",
            "U": "0",
            "Credit": "6,00",
            "ECTS": "6,00",
            "Instructor": "ALİ ALKAYA",
            "Capacity": "0",
            "Schedule": [
            {
            	"Day":"Wednesday",
            	"Start":"12:00",
            	"End":"13:50"
            },
            {
            	"Day":"Thursday",
            	"Start":"13:00",
            	"End":"13:50"
            }
            ]
            
        },
        {
            "courseId": "CSE2225",
            "courseName": "Data Structures",
            "Type": "Must",
            "T": "3",
            "U": "2",
            "Credit": "7,00",
            "ECTS": "7,00",
            "Instructor": "MUSTAFA TÜMER",
            "Capacity": "0",
            "Lab":{
            	"Day":"Friday",
            	"Start":"15:00",
            	"End":"15:50"
            },
            "Schedule": [
            {
            	"Day":"Monday",
            	"Start":"13:00",
            	"End":"14:50"
            },
            {
            	"Day":"Wednesday",
            	"Start":"14:00",
            	"End":"14:50"
            }
            ]
        },
        {
            "courseId": "ECON2004",
            "courseName": "Engineering Economy",
            "Type": "Must",
            "T": "2",
            "U": "0",
            "Credit": "4,00",
            "ECTS": "4,00",
            "Instructor": "ARİF SÖYLEMEZ",
            "Capacity": "0",
            "Schedule": [
            {
            	"Day":"Wednesday",
            	"Start":"17:00",
            	"End":"18:50"
            },
            {
            	"Day":"Friday",
            	"Start":"17:00",
            	"End":"17:50"
            }
            ]
        },
        {
            "courseId": "EE2031",
            "courseName": "Electric Circuits",
            "Type": "Must",
            "T": "3",
            "U": "0",
            "Credit": "5,00",
            "ECTS": "5,00",
            "Instructor": "FULYA ÇALLIALP",
            "Capacity": "0",
            "Schedule": [
            {
            	"Day":"Tuesday",
            	"Start":"13:00",
            	"End":"13:50"
            },
            {
            	"Day":"Thursday",
            	"Start":"14:00",
            	"End":"14:50"
            }
            ]
        },
        {
            "courseId": "MATH2055",
            "courseName": "Differential Equations",
            "Type": "Must",
            "T": "3",
            "U": "0",
            "Credit": "4,00",
            "ECTS": "4,00",
            "Instructor": "MUSTAFA YILMAZ",
            "Capacity": "0",
            "Schedule": [
            {
            	"Day":"Thursday",
            	"Start":"16:00",
            	"End":"17:50"
            },
            {
            	"Day":"Friday",
            	"Start":"16:00",
            	"End":"16:50"
            }
            ]
        },
        {
            "courseId": "MATH2059",
            "courseName": "Numerical Methods",
            "Type": "Must",
            "T": "3",
            "U": "0",
            "Credit": "4,00",
            "ECTS": "4,00",
            "Instructor": "ÇİĞDEM ERDEM",
            "Capacity": "0",
            "Schedule": [
            {
            	"Day":"Tuesday",
            	"Start":"15:00",
            	"End":"16:50"
            },
            {
            	"Day":"Thursday",
            	"Start":"15:00",
            	"End":"15:50"
            }
            ]
        }
    ]
},

{
    "Semester4": [
        {
            "courseId": "CSE2246",
            "courseName": "Analysis of Algorithms",
            "Type": "Must",
            "T": "3",
            "U": "2",
            "Credit": "6,00",
            "ECTS": "6,00",
            "Instructor": "ÖMER KORÇAK",
            "Capacity": "0",
            "Schedule": [
            {
            	"Day":"Thursday",
            	"Start":"13:00",
            	"End":"13:50"
            },
            {
            	"Day":"Friday",
            	"Start":"14:00",
            	"End":"15:50"
            }
            ]
        },
        {
            "courseId": "CSE2138",
            "courseName": "Systems Programming",
            "Type": "Must",
            "T": "3",
            "U": "2",
            "Credit": "7,00",
            "ECTS": "7,00",
            "Instructor": "FATMA ERGİN",
            "Capacity": "0",
            "Lab":{
            	"Day":"Wednesday",
            	"Start":"10:00",
            	"End":"11:50"
            },
            "Schedule": [
            {
            	"Day":"Monday",
            	"Start":"14:00",
            	"End":"15:50"
            },
            {
            	"Day":"Tuesday",
            	"Start":"13:00",
            	"End":"15:50"
            }
            ]
            
        },
        {
            "courseId": "CSE2260",
            "courseName": "Principles of Programming Languages",
            "Type": "Must",
            "T": "3",
            "U": "2",
            "Credit": "4,00",
            "ECTS": "4,00",
            "Instructor": "",
            "Capacity": "0",
            "Schedule":[]
        },
        {
            "courseId": "EE2032",
            "courseName": "Electronics",
            "Type": "Must",
            "T": "2",
            "U": "2",
            "Credit": "5,00",
            "ECTS": "5,00",
            "Instructor": "AHMET UNUTULMAZ",
            "Capacity": "0",
            "Lab":{
            	"Day":"Thursday",
            	"Start":"17:00",
            	"End":"18:50"
            },
            "Schedule": [
            {
            	"Day":"Wednesday",
            	"Start":"14:00",
            	"End":"15:50"
            }
            ]
        },
        {
            "courseId": "STAT2253",
            "courseName": "Introduction to Probability and Statistics",
            "Type": "Must",
            "T": "3",
            "U": "0",
            "Credit": "5,00",
            "ECTS": "5,00",
            "Instructor": "MÜJDAT SOYTÜRK",
            "Capacity": "0",
            "Schedule": [
            {
            	"Day":"Monday",
            	"Start":"16:00",
            	"End":"16:50"
            },
            {
            	"Day":"Tuesday",
            	"Start":"14:00",
            	"End":"15:50"
            }
            ]
        }
    ]
},

{
    "Semester5": [
        {
            "courseId": "CSE3000",
            "courseName": "Summer Practice I",
            "Type": "Must",
            "T": "0",
            "U": "0",
            "Credit": "10,00",
            "ECTS": "10,00",
            "Instructor": "",
            "Capacity": "0",
            "Schedule":[]
        },
        {
            "courseId": "CSE3215",
            "courseName": "Digital Logic Design",
            "Type": "Must",
            "T": "3",
            "U": "2",
            "Credit": "6,00",
            "ECTS": "6,00",
            "Instructor": "Betül BOZ",
            "Capacity": "0",
            "Schedule": [
            {
            	"Day":"Monday",
            	"Start":"11:00",
            	"End":"11:50"
            },
            {
            	"Day":"Wednesday",
            	"Start":"10:00",
            	"End":"11:50"
            }
            ]
        },
        {
            "courseId": "CSE3033",
            "courseName": "Operating Systems",
            "Type": "Must",
            "T": "3",
            "U": "2",
            "Credit": "7,00",
            "ECTS": "7,00",
            "Instructor": "ALİ ÖZER",
            "Capacity": "0",
            "Lab":{
            	"Day":"Tuesday",
            	"Start":"13:00",
            	"End":"14:50"
            },
            "Schedule": [
            {
            	"Day":"Wednesday",
            	"Start":"09:00",
            	"End":"09:50"
            },
            {
            	"Day":"Friday",
            	"Start":"10:00",
            	"End":"11:50"
            }
            ]
        },
        {
            "courseId": "CSE3055",
            "courseName": "Database Systems",
            "Type": "Must",
            "T": "3",
            "U": "2",
            "Credit": "7,00",
            "ECTS": "7,00",
            "Instructor": "MUSTAFA AĞAOĞLU",
            "Capacity": "0",
            "Lab":{
            	"Day":"Wednesday",
            	"Start":"13:00",
            	"End":"14:50"
            },
            "Schedule": [
            {
            	"Day":"Tuesday",
            	"Start":"09:00",
            	"End":"10:50"
            },
            {
            	"Day":"Thursday",
            	"Start":"09:00",
            	"End":"09:50"
            }
            ]
        },
        {
            "courseId": "CSE3063",
            "courseName": "Object-Oriented Software Design",
            "Type": "Must",
            "T": "3",
            "U": "0",
            "Credit": "5,00",
            "ECTS": "5,00",
            "Instructor": "MURAT GANİZ",
            "Capacity": "0",
            "Schedule": [
            {
            	"Day":"Monday",
            	"Start":"09:00",
            	"End":"10:50"
            },
            {
            	"Day":"Tuesday",
            	"Start":"11:00",
            	"End":"11:50"
            }
            ]
        },
        {
            "courseId": "IE3081",
            "courseName": "Modeling and Discrete Simulation",
            "Type": "Must",
            "T": "3",
            "U": "0",
            "Credit": "4,00",
            "ECTS": "4,00",
            "Instructor": "MÜJDAT SOYTÜRK",
            "Capacity": "0",
            "Schedule": [
            {
            	"Day":"Thursday",
            	"Start":"10:00",
            	"End":"11:50"
            },
            {
            	"Day":"Friday",
            	"Start":"09:00",
            	"End":"09:50"
            }
            ]
        }
    ]
},

{
    "Semester6": [
        {
            "courseId": "CSE3038",
            "courseName": "Computer Organization",
            "Type": "Must",
            "T": "3",
            "U": "2",
            "Credit": "7,00",
            "ECTS": "7,00",
            "Instructor": "HALUK TOPCUOĞLU",
            "Capacity": "0",
            "Lab":{
            	"Day":"Friday",
            	"Start":"10:00",
            	"End":"11:50"
            },
            "Schedule": [
            {
            	"Day":"Wednesday",
            	"Start":"10:00",
            	"End":"11:50"
            },
            {
            	"Day":"Thursday",
            	"Start":"11:00",
            	"End":"11:50"
            }
            ]
        },
        {
            "courseId": "CSE3044",
            "courseName": "Software Engineering",
            "Type": "Must",
            "T": "3",
            "U": "2",
            "Credit": "7,00",
            "ECTS": "7,00",
            "Instructor": "MUSTAFA TÜMER",
            "Capacity": "0",
            "Lab":{
            	"Day":"Tuesday",
            	"Start":"16:00",
            	"End":"17:50"
            },
            "Schedule": [
            {
            	"Day":"Wednesday",
            	"Start":"09:00",
            	"End":"09:50"
            },
            {
            	"Day":"Thursday",
            	"Start":"09:00",
            	"End":"10:50"
            }
            ]
        },
        {
            "courseId": "CSE3048",
            "courseName": "Introduction to Signals and Systems",
            "Type": "Must",
            "T": "3",
            "U": "0",
            "Credit": "5,00",
            "ECTS": "5,00",
            "Instructor": "MEHMET BARAN",
            "Capacity": "0",
            "Schedule": [
            {
            	"Day":"Tuesday",
            	"Start":"11:00",
            	"End":"12:50"
            },
            {
            	"Day":"Thursday",
            	"Start":"12:00",
            	"End":"12:50"
            }
            ]
        },
        {
            "courseId": "CSE3264",
            "courseName": "Formal Languages and Automata Theory",
            "Type": "Must",
            "T": "3",
            "U": "0",
            "Credit": "5,00",
            "ECTS": "5,00",
            "Instructor": "Ali Özer",
            "Capacity": "0",
            "Schedule": [
            {
            	"Day":"Monday",
            	"Start":"11:00",
            	"End":"12:50"
            },
            {
            	"Day":"Friday",
            	"Start":"09:00",
            	"End":"09:50"
            }
            ]
        },
        {
            "courseId": "IE3235",
            "courseName": "Operations Research",
            "Type": "Must",
            "T": "3",
            "U": "0",
            "Credit": "4,00",
            "ECTS": "4,00",
            "Instructor": "",
            "Capacity": "0",
            "Schedule": [
            {
            	"Day":"Monday",
            	"Start":"09:00",
            	"End":"10:50"
            },
            {
            	"Day":"Tuesday",
            	"Start":"10:00",
            	"End":"10:50"
            }
            ]
        },
        {
            "courseId": "COM2202",
            "courseName": "Technical Comm. and Entrepreneurship",
            "Type": "Must",
            "T": "2",
            "U": "0",
            "Credit": "2,00",
            "ECTS": "2,00",
            "Instructor": "",
            "Capacity": "0",
            "Schedule":[]
            
        }
    ]
},

{
    "Semester7": [
        {
            "courseId": "CSE4000",
            "courseName": "Summer Practice II",
            "Type": "Must",
            "T": "0",
            "U": "0",
            "Credit": "10,00",
            "ECTS": "10,00",
            "Instructor": "",
            "Capacity": "0",
            "Schedule":[]
        },
        {
            "courseId": "CSE4074",
            "courseName": "Computer Networks",
            "Type": "Must",
            "T": "3",
            "U": "0",
            "Credit": "5,00",
            "ECTS": "5,00",
            "Instructor": "ÖMER KORÇAK",
            "Capacity": "0",
            "Schedule": [
            {
            	"Day":"Tuesday",
            	"Start":"16:00",
            	"End":"17:50"
            },
            {
            	"Day":"Thursday",
            	"Start":"15:00",
            	"End":"15:50"
            }
            ]
        },
        {
            "courseId": "CSE4219",
            "courseName": "Principles of Embedded System Design",
            "Type": "Must",
            "T": "3",
            "U": "2",
            "Credit": "6,00",
            "ECTS": "6,00",
            "Instructor": "",
            "Capacity": "0",
            "Schedule":[]
            
        },
        {
            "courseId": "CSE4297",
            "courseName": "Engineering Project I",
            "Type": "Must",
            "T": "0",
            "U": "2",
            "Credit": "5,00",
            "ECTS": "5,00",
            "Instructor": "",
            "Capacity": "0",
            "Schedule":[]
        },
        {
            "courseId": "ISG121",
            "courseName": "İş Sağlığı ve Güvenliği I",
            "Type": "Must",
            "T": "2",
            "U": "0",
            "Credit": "2,00",
            "ECTS": "2,00",
            "Instructor": "MUSTAFA YILMAZ",
            "Capacity": "0",
            "Schedule": [
            {
            	"Day":"Saturday",
            	"Start":"19:00",
            	"End":"20:50"
            }
            ]
        },
        {
            "courseId": "CSE4288",
            "courseName": "Introduction to Machine Learning",
            "Type": "Must",
            "T": "3",
            "U": "0",
            "Credit": "5,00",
            "ECTS": "5,00",
            "Instructor": "ÇİĞDEM ERDEM",
            "Capacity": "0",
            "Schedule": [
            {
            	"Day":"Tuesday",
            	"Start":"13:00",
            	"End":"14:50"
            },
            {
            	"Day":"Friday",
            	"Start":"16:00",
            	"End":"16:50"
            }
            ]
        },
        {
            "courseId": "UE",
            "courseName": "University Elective",
            "Type": "UE",
            "T": "2",
            "U": "0",
            "Credit": "3,00",
            "ECTS": "3,00",
            "Instructor": "",
            "Capacity": "0",
            "Schedule":[]
        },
        {
            "courseId": "TExxx",
            "courseName": "Technical Elective - 1",
            "Type": "TE",
            "T": "3",
            "U": "0",
            "Credit": "5,00",
            "ECTS": "5,00",
            "Instructor": "",
            "Capacity": "0",
            "Schedule":[]
        }
    ]
},

{
    "Semester8": [
        {
            "courseId": "CSE4298",
            "courseName": "Engineering Project II",
            "Type": "Must",
            "T": "0",
            "U": "2",
            "Credit": "5,00",
            "ECTS": "5,00",
            "Instructor": "",
            "Capacity": "0",
            "Schedule":[]
        },
        {
            "courseId": "ISG122",
            "courseName": "İş Sağlığı ve Güvenliği II",
            "Type": "Must",
            "T": "2",
            "U": "0",
            "Credit": "2,00",
            "ECTS": "2,00",
            "Instructor": "MUSTAFA YILMAZ",
            "Capacity": "0",
            "Schedule": [
            {
            	"Day":"Saturday",
            	"Start":"17:00",
            	"End":"18:50"
            }
            ]
        },
        {
            "courseId": "FTExxx",
            "courseName": "Faculty Technical Electives",
            "Type": "FTE",
            "T": "3",
            "U": "0",
            "Credit": "5,00",
            "ECTS": "5,00",
            "Instructor": "",
            "Capacity": "0",
            "Schedule":[]
        },
        {
            "courseId": "NTExxx",
            "courseName": "Non-Technical Elective - 2",
            "Type": "NTE",
            "T": "2",
            "U": "0",
            "Credit": "3,00",
            "ECTS": "3,00",
            "Instructor": "",
            "Capacity": "0",
            "Schedule":[]
        },
        {
            "courseId": "TExxx",
            "courseName": "Technical Elective - 2",
            "Type": "TE",
            "T": "3",
            "U": "0",
            "Credit": "5,00",
            "ECTS": "5,00",
            "Instructor": "",
            "Capacity": "0",
            "Schedule":[]
        },
        {
            "courseId": "TExxx",
            "courseName": "Technical Elective - 3",
            "Type": "TE",
            "T": "3",
            "U": "0",
            "Credit": "5,00",
            "ECTS": "5,00",
            "Instructor": "",
            "Capacity": "0",
            "Schedule":[]
        },
        {
            "courseId": "TExxx",
            "courseName": "Technical Elective - 4",
            "Type": "TE",
            "T": "3",
            "U": "0",
            "Credit": "5,00",
            "ECTS": "5,00",
            "Instructor": "",
            "Capacity": "0",
            "Schedule":[]
        }
    ]
},

{
    "(TE)Technical Elective Courses": [
        {
            "courseId": "CSE4026",
            "courseName": "Introduction to Robotics and Control Theory",
            "Type": "TE",
            "T": "3",
            "U": "0",
            "Credit": "5,00",
            "ECTS": "5,00",
            "Instructor": "MEHMET BARAN",
            "Capacity": "40",
            "Semester":"Spring",
            "Schedule": [
            {
            	"Day": "Monday",
            	"Start": "17:00",
            	"End": "17:50"
            },
            {
            	"Day": "Thursday",
            	"Start": "16:00",
            	"End": "17:50"
            }
            ]
        },
        {
            "courseId": "CSE4032",
            "courseName": "Introduction to Distributed Systems",
            "Type": "TE",
            "T": "3",
            "U": "0",
            "Credit": "5,00",
            "ECTS": "5,00",
            "Instructor": "",
            "Capacity": "0",
            "Semester":"",
            "Schedule":[]
        },
        {
            "courseId": "CSE4034",
            "courseName": "Advanced Unix Programming",
            "Type": "TE",
            "T": "3",
            "U": "0",
            "Credit": "5,00",
            "ECTS": "5,00",
            "Instructor": "SANEM YILMAZ",
            "Capacity": "45",
            "Semester":"Spring",
            "Schedule": [
            {
            	"Day": "Tuesday",
            	"Start": "09:00",
            	"End": "09:50"
            },
            {
            	"Day": "Wednesday",
            	"Start": "13:00",
            	"End": "14:50"
            }
            ]
        },
        {
            "courseId": "CSE4038",
            "courseName": "Introduction to Parallel Processing",
            "Type": "TE",
            "T": "3",
            "U": "0",
            "Credit": "5,00",
            "ECTS": "5,00",
            "Instructor": "",
            "Capacity": "0",
            "Semester": "",
            "Schedule": ""
        },
        {
            "courseId": "CSE4040",
            "courseName": "Cloud Computing",
            "Type": "TE",
            "T": "3",
            "U": "0",
            "Credit": "5,00",
            "ECTS": "5,00",
            "Instructor": "",
            "Capacity": "0",
            "Semester": "",
            "Schedule": ""
        },
        {
            "courseId": "CSE4044",
            "courseName": "Software Project Management",
            "Type": "TE",
            "T": "3",
            "U": "0",
            "Credit": "5,00",
            "ECTS": "5,00",
            "Instructor": "",
            "Capacity": "0",
            "Semester": "",
            "Schedule": ""
        },
        {
            "courseId": "CSE4053",
            "courseName": "Information Systems: Analysis and Design",
            "Type": "TE",
            "T": "3",
            "U": "0",
            "Credit": "5,00",
            "ECTS": "5,00",
            "Instructor": "MUSTAFA AĞAOĞLU",
            "Capacity": "45",
            "Semester": "Spring",
            "Schedule": [
            {
            	"Day": "Wednesday",
            	"Start": "15:00",
            	"End": "16:50"
            },
            {
            	"Day": "Thursday",
            	"Start": "11:00",
            	"End": "11:50"
            }
            ]
        },
        {
            "courseId": "CSE4056",
            "courseName": "Management of Information Systems",
            "Type": "TE",
            "T": "3",
            "U": "0",
            "Credit": "5,00",
            "ECTS": "5,00",
            "Instructor": "",
            "Capacity": "0",
            "Semester": "",
            "Schedule": ""
        },
        {
            "courseId": "CSE4057",
            "courseName": "Information Systems Security",
            "Type": "TE",
            "T": "3",
            "U": "0",
            "Credit": "5,00",
            "ECTS": "5,00",
            "Instructor": "ÖMER KORÇAK",
            "Capacity": "48",
            "Semester": "Spring",
            "Schedule": [
            {
            	"Day": "Thursday",
            	"Start": "14:00",
            	"End": "15:50"
            },
            {
            	"Day": "Friday",
            	"Start": "16:00",
            	"End": "16:50"
            }
            ]
        },
        {
            "courseId": "CSE4058",
            "courseName": "Fundamentals of Electronic Commerce",
            "Type": "TE",
            "T": "3",
            "U": "0",
            "Credit": "5,00",
            "ECTS": "5,00",
            "Instructor": "",
            "Capacity": "0",
            "Semester":"",
            "Schedule": ""
        },
        {
            "courseId": "CSE4059",
            "courseName": "Internet Programming",
            "Type": "TE",
            "T": "3",
            "U": "0",
            "Credit": "5,00",
            "ECTS": "5,00",
            "Instructor": "",
            "Capacity": "0",
            "Semester":"",
            "Schedule": ""
        },
        {
            "courseId": "CSE4061",
            "courseName": "Compiler Design",
            "Type": "TE",
            "T": "3",
            "U": "0",
            "Credit": "5,00",
            "ECTS": "5,00",
            "Instructor": "BETÜL BOZ",
            "Capacity": "47",
            "Semester": "Spring",
            "Schedule": [
            {
            	"Day": "Monday",
            	"Start": "13:00",
            	"End": "13:50"
            },
            {
            	"Day": "Tuesday",
            	"Start": "14:00",
            	"End": "15:50"
            }
            ]
        },
        {
            "courseId": "CSE4062",
            "courseName": "Introduction to Data Science and Analytics",
            "Type": "TE",
            "T": "3",
            "U": "0",
            "Credit": "5,00",
            "ECTS": "5,00",
            "Instructor": "MURAT GANİZ",
            "Capacity": "68",
            "Semester": "Spring",
            "Schedule": [
            {
            	"Day": "Tuesday",
            	"Start": "11:00",
            	"End": "11:50"
            },
            {
            	"Day": "Wednesday",
            	"Start": "10:00",
            	"End": "11:50"
            }
            ]
        },
        {
            "courseId": "CSE4063",
            "courseName": "Fundamentals of Data Mining",
            "Type": "TE",
            "T": "3",
            "U": "0",
            "Credit": "5,00",
            "ECTS": "5,00",
            "Instructor": "MUSTAFA AĞAOĞLU",
            "Capacity": "55",
            "Semester": "Fall",
            "Schedule": [
            {
            	"Day": "Tuesday",
            	"Start": "12:00",
            	"End": "12:50"
            },
            {
            	"Day": "Thursday",
            	"Start": "12:00",
            	"End": "13:50"
            }
            ]
        },
        {
            "courseId": "CSE4065",
            "courseName": "Introduction to Computational Genomics",
            "Type": "TE",
            "T": "3",
            "U": "0",
            "Credit": "5,00",
            "ECTS": "5,00",
            "Instructor": "BETÜL BOZ",
            "Capacity": "57",
            "Semester": "Spring",
            "Schedule": [
            {
            	"Day": "Monday",
            	"Start": "14:00",
            	"End": "15:50"
            },
            {
            	"Day": "Tuesday",
            	"Start": "13:00",
            	"End": "13:50"
            }
            ]
            
        },
        {
            "courseId": "CSE4066",
            "courseName": "Introduction to Cryptography",
            "Type": "TE",
            "T": "3",
            "U": "0",
            "Credit": "5,00",
            "ECTS": "5,00",
            "Instructor": "",
            "Capacity": "0",
            "Semester":"",
            "Schedule": ""
        },
        {
            "courseId": "CSE4067",
            "courseName": "Introduction to Blockchain Programming",
            "Type": "TE",
            "T": "3",
            "U": "0",
            "Credit": "5,00",
            "ECTS": "5,00",
            "Instructor": "",
            "Capacity": "0",
            "Semester":"",
            "Schedule": ""
        },
        {
            "courseId": "CSE4070",
            "courseName": "Software Frameworks",
            "Type": "TE",
            "T": "3",
            "U": "0",
            "Credit": "5,00",
            "ECTS": "5,00",
            "Instructor": "",
            "Capacity": "0",
            "Semester":"",
            "Schedule":[]
        },
        {
            "courseId": "CSE4075",
            "courseName": "Wireless and Mobile Networks",
            "Type": "TE",
            "T": "3",
            "U": "0",
            "Credit": "5,00",
            "ECTS": "5,00",
            "Instructor": "MÜJDAT SOYTÜRK",
            "Capacity": "40",
            "Semester": "Spring",
            "Schedule": [
            {
            	"Day": "Tuesday",
            	"Start": "17:00",
            	"End": "17:50"
            },
            {
            	"Day": "Friday",
            	"Start": "14:00",
            	"End": "15:50"
            }
            ]
        },
        {
            "courseId": "CSE4082",
            "courseName": "Artificial Intelligence",
            "Type": "TE",
            "T": "3",
            "U": "0",
            "Credit": "5,00",
            "ECTS": "5,00",
            "Instructor": "ALİ ÖZER",
            "Capacity": "55",
            "Semester": "Fall",
            "Schedule": [
            {
            	"Day": "Monday",
            	"Start": "13:00",
            	"End": "13:50"
            },
            {
            	"Day": "Wednesday",
            	"Start": "13:00",
            	"End": "14:50"
            }
            ]
        },
        {
            "courseId": "CSE4083",
            "courseName": "Computer Graphics",
            "Type": "TE",
            "T": "3",
            "U": "0",
            "Credit": "5,00",
            "ECTS": "5,00",
            "Instructor": "MEHMET BARAN",
            "Capacity": "40",
			"Semester": "Fall",
			"Schedule": [
			{
				"Day": "Monday",
				"Start": "11:00",
				"End": "12:50"
			},
			{
				"Day": "Tuesday",
				"Start": "11:00",
				"End": "11:50"
			}
			]
        },
        {
            "courseId": "CSE4084",
            "courseName": "Multimedia Systems",
            "Type": "TE",
            "T": "3",
            "U": "0",
            "Credit": "5,00",
            "ECTS": "5,00",
			"Instructor": "ÇİĞDEM ERDEM",
            "Capacity": "55",
			"Semester": "Fall",
			"Schedule": [
			{
				"Day": "Wednesday",
				"Start": "12:00",
				"End": "12:50"
			},
			{
				"Day": "Friday",
				"Start": "14:00",
				"End": "15:50"
			}
			]
        },
        {
            "courseId": "CSE4085",
            "courseName": "Human Computer Interaction",
            "Type": "TE",
            "T": "3",
            "U": "0",
            "Credit": "5,00",
            "ECTS": "5,00",
			"Instructor": "",
            "Capacity": "0",
			"Semester":"",
			"Schedule": ""
        },
        {
            "courseId": "CSE4086",
            "courseName": "Mobile Device Programming",
            "Type": "TE",
            "T": "3",
            "U": "0",
            "Credit": "5,00",
            "ECTS": "5,00",
			"Instructor": "ALİ ALKAYA",
            "Capacity": "55",
			"Semester": "Fall",
			"Schedule": [
			{
				"Day": "Monday",
				"Start": "14:00",
				"End": "14:50"
			},
			{
				"Day": "Thursday",
				"Start": "16:00",
				"End": "17:50"
			}
			]
        },
        {
            "courseId": "CSE4217",
            "courseName": "Microprocessors",
            "Type": "TE",
            "T": "3",
            "U": "0",
            "Credit": "5,00",
            "ECTS": "5,00",
			"Instructor": "",
            "Capacity": "0",
			"Semester":"",
			"Schedule": ""
        },
        {
            "courseId": "CSE4093",
            "courseName": "Special Topics in Computer Engineering I",
            "Type": "TE",
            "T": "3",
            "U": "0",
            "Credit": "5,00",
            "ECTS": "5,00",
			"Instructor": "",
            "Capacity": "0",
			"Semester":"",
			"Schedule": ""
        },
        {
            "courseId": "CSE4094",
            "courseName": "Special Topics in Computer Engineering II",
            "Type": "TE",
            "T": "3",
            "U": "0",
            "Credit": "5,00",
            "ECTS": "5,00",
			"Instructor": "FATMA ERGİN",
            "Capacity": "35",
			"Semester": "Fall",
			"Schedule": [
			{
				"Day": "Wednesday",
				"Start": "15:00",
				"End": "15:50"
			},
			{
				"Day": "Thursday",
				"Start": "10:00",
				"End": "11:50"
			}
			]
        },
        {
            "courseId": "CSE4095",
            "courseName": "Special Topics in Computer Engineering III",
            "Type": "TE",
            "T": "3",
            "U": "0",
            "Credit": "5,00",
            "ECTS": "5,00",
			"Instructor": "MURAT GANİZ",
            "Capacity": "40",
			"Semester": "Spring",
			"Schedule": [
			{
				"Day": "Monday",
				"Start": "9:00",
				"End": "10:50"
			},
			{
				"Day": "Tuesday",
				"Start": "10:00",
				"End": "11:50"
			}
			]
			
        },
        {
            "courseId": "CSE4096",
            "courseName": "Special Topics in Computer Engineering IV",
            "Type": "TE",
            "T": "3",
            "U": "0",
            "Credit": "5,00",
            "ECTS": "5,00",
			"Instructor": "",
            "Capacity": "0",
			"Semester":"",
			"Schedule": ""
        }
    ]
},

{
    "(ENG-FTE) Faculty Technical Elective Courses": [
        {
            "courseId": "BIOE4072",
            "courseName": "Planning and Management of Research",
            "Type": "Elective",
            "T": "3",
            "U": "0",
            "Credit": "5,00",
            "ECTS": "5,00",
			"Instructor": "AHU UNCUOĞLU",
			"Capacity": "144",
			"Semester": "Spring",
			"Schedule": [
			{
				"Day":"Monday",
				"Start":"13:00",
				"End":"15:50"
			}
			]
        },
        {
            "courseId": "CHE4060",
            "courseName": "Cost Management in Chemical Industries",
            "Type": "Elective",
            "T": "3",
            "U": "0",
            "Credit": "5,00",
            "ECTS": "5,00",
			"Instructor": "EMİN ARCA",
            "Capacity": "60",
			"Semester": "Spring",
			"Schedule": [
			{
				"Day":"Monday",
				"Start":"18:00",
				"End":"18:50"
			},
			{
				"Day":"Salı",
				"Start":"17:00",
				"End":"18:50"
			}
			]
        },
        {
            "courseId": "CHE4068",
            "courseName": "Financial Engineering",
            "Type": "Elective",
            "T": "3",
            "U": "0",
            "Credit": "5,00",
            "ECTS": "5,00",
			"Instructor": "",
			"Capacity": "0",
			"Semester": "",
			"Schedule": ""
        },
        {
            "courseId": "CHE4080",
            "courseName": "Chemical Engineering for Sustainable Biosphere",
            "Type": "Elective",
            "T": "3",
            "U": "0",
            "Credit": "5,00",
            "ECTS": "5,00",
			"Instructor": "BERRİN KURŞUN",
			"Capacity": "0",
			"Semester": "",
			"Schedule": ""
        },
        {
            "courseId": "CSE4044",
            "courseName": "Software Project Management",
            "Type": "Elective",
            "T": "3",
            "U": "0",
            "Credit": "5,00",
            "ECTS": "5,00",
			"Instructor": "",
			"Capacity": "0",
			"Semester": "",
			"Schedule": ""
        },
        {
            "courseId": "CSE4056",
            "courseName": "Management of Information Systems",
            "Type": "Elective",
            "T": "3",
            "U": "0",
            "Credit": "5,00",
            "ECTS": "5,00",
			"Instructor": "ŞAKİR BİNGÖL",
			"Capacity": "0",
			"Semester": "",
			"Schedule": ""
			
        },
        {
            "courseId": "CSE4062",
            "courseName": "Introduction to Data Science and Analytics",
            "Type": "Elective",
            "T": "3",
            "U": "0",
            "Credit": "5,00",
            "ECTS": "5,00",
			"Instructor": "MURAT GANİZ",
			"Capacity": "68",
			"Semester": "Spring",
			"Schedule": [
			{
				"Day":"Tuesday",
				"Start":"11:00",
				"End":"11:50"
			},
			{
				"Day":"Wednesday",
				"Start":"10:00",
				"End":"11:50"
			}
			]
        },
        {
            "courseId": "EE4056",
            "courseName": "Introduction to Information Systems Management",
            "Type": "Elective",
            "T": "3",
            "U": "0",
            "Credit": "5,00",
            "ECTS": "5,00",
			"Instructor": "ŞAKİR BİNGÖL",
			"Capacity": "0",
			"Semester": "",
			"Schedule": ""
        },
        {
            "courseId": "EE4062",
            "courseName": "Introduction to Image Processing",
            "Type": "Elective",
            "T": "3",
            "U": "0",
            "Credit": "5,00",
            "ECTS": "5,00",
			"Instructor": "GÖKHAN ESMER",
			"Capacity": "77",
			"Semester": "Spring",
			"Schedule": [
			{
				"Day":"Monday",
				"Start":"16:00",
				"End":"16:50"
			},
			{
				"Day":"Wednesday",
				"Start":"17:00",
				"End":"18:50"
			}
			]
        },
        {
            "courseId": "ENVE4062",
            "courseName": "Energy and the Environment",
            "Type": "Elective",
            "T": "3",
            "U": "0",
            "Credit": "5,00",
            "ECTS": "5,00",
			"Instructor": "SIDDIK KESKİN",
			"Capacity": "62",
			"Semester": "Spring",
			"Schedule": [
			{
				"Day":"Monday",
				"Start":"13:00",
				"End":"14:50"
			},
			{
				"Day":"Friday",
				"Start":"16:00",
				"End":"16:50"
			}
			]
        },
        {
            "courseId": "ENVE4063",
            "courseName": "Construction Materials for Environmental Engineering ",
            "Type": "Elective",
            "T": "3",
            "U": "0",
            "Credit": "5,00",
            "ECTS": "5,00",
			"Instructor": "",
			"Capacity": "0",
			"Semester": "",
			"Schedule": ""
        },
        {
            "courseId": "IE4055",
            "courseName": "Design of Experiments",
            "Type": "Elective",
            "T": "3",
            "U": "0",
            "Credit": "5,00",
            "ECTS": "5,00",
			"Instructor": "BERNA BALTA",
			"Capacity": "80",
			"Semester": "Spring",
			"Schedule": [
			{
				"Day":"Monday",
				"Start":"15:00",
				"End":"17:50"
			}
			]
        },
        {
            "courseId": "IE4087",
            "courseName": "Introduction to Total Quality Management",
            "Type": "Elective",
            "T": "3",
            "U": "0",
            "Credit": "5,00",
            "ECTS": "5,00",
			"Instructor": "MAHMURE ARIOĞLU",
			"Capacity": "0",
			"Semester": "",
			"Schedule": ""
        },
        {
            "courseId": "ME3004",
            "courseName": "Mathematical Modeling in Mechanical Engineering",
            "Type": "Elective",
            "T": "3",
            "U": "0",
            "Credit": "5,00",
            "ECTS": "5,00",
			"Instructor": "MUSTAFA ÖZDEMİR",
			"Capacity": "0",
			"Semester": "",
			"Schedule": ""
        },
        {
            "courseId": "ME3022",
            "courseName": "Mechatronics",
            "Type": "Elective",
            "T": "3",
            "U": "0",
            "Credit": "5,00",
            "ECTS": "5,00",
			"Instructor": "UĞUR TÜMERDEM",
			"Capacity": "0",
			"Semester": "",
			"Schedule": ""
        },
        {
            "courseId": "ME4018",
            "courseName": "Introduction to Robotics",
            "Type": "Elective",
            "T": "3",
            "U": "0",
            "Credit": "5,00",
            "ECTS": "5,00",
			"Instructor": "UĞUR TÜMERDEM",
			"Capacity": "0",
			"Semester": "",
			"Schedule": ""
        },
        {
            "courseId": "ME4022",
            "courseName": "Control Systems",
            "Type": "Elective",
            "T": "3",
            "U": "0",
            "Credit": "5,00",
            "ECTS": "5,00",
			"Instructor": "İBRAHİM KUYSERİ",
			"Capacity": "0",
			"Semester": "",
			"Schedule": ""
        },
        {
            "courseId": "ME4033",
            "courseName": "Designing Quality Products",
            "Type": "Elective",
            "T": "3",
            "U": "0",
            "Credit": "5,00",
            "ECTS": "5,00",
			"Instructor": "",
			"Capacity": "0",
			"Semester": "",
			"Schedule": ""
        },
        {
            "courseId": "ME4051",
            "courseName": "Automotive Engineering",
            "Type": "Elective",
            "T": "3",
            "U": "0",
            "Credit": "5,00",
            "ECTS": "5,00",
			"Instructor": "",
			"Capacity": "0",
			"Semester": "",
			"Schedule": ""
        },
        {
            "courseId": "MGT4076",
            "courseName": "Quality Management System in Automotive Industry",
            "Type": "Elective",
            "T": "3",
            "U": "0",
            "Credit": "5,00",
            "ECTS": "5,00",
			"Instructor": "",
			"Capacity": "0",
			"Semester": "",
			"Schedule": ""
        },
        {
            "courseId": "MGT4082",
            "courseName": "Advanced innovative Design Management for Entrepreneurship",
            "Type": "Elective",
            "T": "3",
            "U": "0",
            "Credit": "5,00",
            "ECTS": "5,00",
			"Instructor": "BEYTULLAH ÇETİNER",
			"Capacity": "0",
			"Semester": "Spring",
			"Schedule": [
			{
				"Day":"Tuesday",
				"Start":"14:00",
				"End":"16:50"
			}
			]
        },
        {
            "courseId": "MGT4084",
            "courseName": "Innovation and New Product Development Management",
            "Type": "Elective",
            "T": "3",
            "U": "0",
            "Credit": "5,00",
            "ECTS": "5,00",
			"Instructor": "Hülya ASLANOĞLU",
			"Capacity": "0",
			"Semester": "Spring",
			"Schedule": [
			{
				"Day":"Friday",
				"Start":"14:00",
				"End":"16:50"
			}
			]
        },
        {
            "courseId": "MGT4086",
            "courseName": "Managing Engineering and Technology",
            "Type": "Elective",
            "T": "3",
            "U": "0",
            "Credit": "5,00",
            "ECTS": "5,00",
			"Instructor": "Hülya ASLANOĞLU",
			"Capacity": "0",
			"Semester": "",
			"Schedule": ""
        },
        {
            "courseId": "MGT4088",
            "courseName": "Project Management for Engineers",
            "Type": "Elective",
            "T": "3",
            "U": "0",
            "Credit": "5,00",
            "ECTS": "5,00",
			"Instructor": "Emrah Gençalp",
			"Capacity": "40",
			"Semester": "Fall",
			"Schedule": [
			{
				"Day":"Monday",
				"Start":"10:00",
				"End":"12:50"
			}
			]
			
        },
        {
            "courseId": "MSE4073",
            "courseName": "Materials Engineering Economics and Plant Design",
            "Type": "Elective",
            "T": "3",
            "U": "0",
            "Credit": "5,00",
            "ECTS": "5,00",
			"Instructor": "GÖRKEM YUMUŞAK",
			"Capacity": "0",
			"Semester": "Spring",
			"Schedule": [
			{
				"Day":"Tuesday",
				"Start":"13:00",
				"End":"14:50"
			},
			{
				"Day":"Thursday",
				"Start":"14:00",
				"End":"14:50"
			}
			]
        },
        {
            "courseId": "MSE4074",
            "courseName": "Total Quality Management in Materials Engineering",
            "Type": "Elective",
            "T": "3",
            "U": "0",
            "Credit": "5,00",
            "ECTS": "5,00",
			"Instructor": "SEVAL GENÇ",
			"Capacity": "0",
			"Semester": "",
			"Schedule": ""
        }
    ]
},

{
    "(ENG-FTE) Faculty Technical Elective Courses": [
        {
            "courseId": "BIOE4072",
            "courseName": "Planning and Management of Research",
            "Type": "Elective",
            "T": "3",
            "U": "0",
            "Credit": "5,00",
            "ECTS": "5,00",
			"Instructor": "AHU UNCUOĞLU",
			"Capacity": "144"
        },
        {
            "courseId": "CHE4060",
            "courseName": "Cost Management in Chemical Industries",
            "Type": "Elective",
            "T": "3",
            "U": "0",
            "Credit": "5,00",
            "ECTS": "5,00",
			"Instructor": "EMİN ARCA",
            "Capacity": "60"
        },
        {
            "courseId": "CHE4068",
            "courseName": "Financial Engineering",
            "Type": "Elective",
            "T": "3",
            "U": "0",
            "Credit": "5,00",
            "ECTS": "5,00",
			"Instructor": "",
			"Capacity": "0"
        },
        {
            "courseId": "CHE4080",
            "courseName": "Chemical Engineering for Sustainable Biosphere",
            "Type": "Elective",
            "T": "3",
            "U": "0",
            "Credit": "5,00",
            "ECTS": "5,00",
			"Instructor": "BERRİN KURŞUN",
			"Capacity": "0"
        },
        {
            "courseId": "CSE4044",
            "courseName": "Software Project Management",
            "Type": "Elective",
            "T": "3",
            "U": "0",
            "Credit": "5,00",
            "ECTS": "5,00",
			"Instructor": "",
			"Capacity": "0"
        },
        {
            "courseId": "CSE4056",
            "courseName": "Management of Information Systems",
            "Type": "Elective",
            "T": "3",
            "U": "0",
            "Credit": "5,00",
            "ECTS": "5,00",
			"Instructor": "ŞAKİR BİNGÖL",
			"Capacity": "0"
        },
        {
            "courseId": "CSE4062",
            "courseName": "Introduction to Data Science and Analytics",
            "Type": "Elective",
            "T": "3",
            "U": "0",
            "Credit": "5,00",
            "ECTS": "5,00",
			"Instructor": "MURAT GANİZ",
			"Capacity": "68"
        },
        {
            "courseId": "EE4056",
            "courseName": "Introduction to Information Systems Management",
            "Type": "Elective",
            "T": "3",
            "U": "0",
            "Credit": "5,00",
            "ECTS": "5,00",
			"Instructor": "ŞAKİR BİNGÖL",
			"Capacity": "0"
        },
        {
            "courseId": "EE4062",
            "courseName": "Introduction to Image Processing",
            "Type": "Elective",
            "T": "3",
            "U": "0",
            "Credit": "5,00",
            "ECTS": "5,00",
			"Instructor": "GÖKHAN ESMER",
			"Capacity": "77"
        },
        {
            "courseId": "ENVE4062",
            "courseName": "Energy and the Environment",
            "Type": "Elective",
            "T": "3",
            "U": "0",
            "Credit": "5,00",
            "ECTS": "5,00",
			"Instructor": "SIDDIK KESKİN",
			"Capacity": "62"
        },
        {
            "courseId": "ENVE4063",
            "courseName": "Construction Materials for Environmental Engineering ",
            "Type": "Elective",
            "T": "3",
            "U": "0",
            "Credit": "5,00",
            "ECTS": "5,00",
			"Instructor": "",
			"Capacity": "0"
        },
        {
            "courseId": "IE4055",
            "courseName": "Design of Experiments",
            "Type": "Elective",
            "T": "3",
            "U": "0",
            "Credit": "5,00",
            "ECTS": "5,00",
			"Instructor": "BERNA BALTA",
			"Capacity": "80"
        },
        {
            "courseId": "IE4087",
            "courseName": "Introduction to Total Quality Management",
            "Type": "Elective",
            "T": "3",
            "U": "0",
            "Credit": "5,00",
            "ECTS": "5,00",
			"Instructor": "MAHMURE ARIOĞLU",
			"Capacity": "0"
        },
        {
            "courseId": "ME3004",
            "courseName": "Mathematical Modeling in Mechanical Engineering",
            "Type": "Elective",
            "T": "3",
            "U": "0",
            "Credit": "5,00",
            "ECTS": "5,00",
			"Instructor": "MUSTAFA ÖZDEMİR",
			"Capacity": "0"
        },
        {
            "courseId": "ME3022",
            "courseName": "Mechatronics",
            "Type": "Elective",
            "T": "3",
            "U": "0",
            "Credit": "5,00",
            "ECTS": "5,00",
			"Instructor": "UĞUR TÜMERDEM",
			"Capacity": "0"
        },
        {
            "courseId": "ME4018",
            "courseName": "Introduction to Robotics",
            "Type": "Elective",
            "T": "3",
            "U": "0",
            "Credit": "5,00",
            "ECTS": "5,00",
			"Instructor": "UĞUR TÜMERDEM",
			"Capacity": "0"
        },
        {
            "courseId": "ME4022",
            "courseName": "Control Systems",
            "Type": "Elective",
            "T": "3",
            "U": "0",
            "Credit": "5,00",
            "ECTS": "5,00",
			"Instructor": "İBRAHİM KUYSERİ",
			"Capacity": "0"
        },
        {
            "courseId": "ME4033",
            "courseName": "Designing Quality Products",
            "Type": "Elective",
            "T": "3",
            "U": "0",
            "Credit": "5,00",
            "ECTS": "5,00",
			"Instructor": "",
			"Capacity": "0"
        },
        {
            "courseId": "ME4051",
            "courseName": "Automotive Engineering",
            "Type": "Elective",
            "T": "3",
            "U": "0",
            "Credit": "5,00",
            "ECTS": "5,00",
			"Instructor": "",
			"Capacity": "0"
        },
        {
            "courseId": "MGT4076",
            "courseName": "Quality Management System in Automotive Industry",
            "Type": "Elective",
            "T": "3",
            "U": "0",
            "Credit": "5,00",
            "ECTS": "5,00",
			"Instructor": "",
			"Capacity": "0"
        },
        {
            "courseId": "MGT4082",
            "courseName": "Advanced innovative Design Management for Entrepreneurship",
            "Type": "Elective",
            "T": "3",
            "U": "0",
            "Credit": "5,00",
            "ECTS": "5,00",
			"Instructor": "BEYTULLAH ÇETİNER",
			"Capacity": "0"
        },
        {
            "courseId": "MGT4084",
            "courseName": "Innovation and New Product Development Management",
            "Type": "Elective",
            "T": "3",
            "U": "0",
            "Credit": "5,00",
            "ECTS": "5,00",
			"Instructor": "Hülya ASLANOĞLU",
			"Capacity": "0"
        },
        {
            "courseId": "MGT4086",
            "courseName": "Managing Engineering and Technology",
            "Type": "Elective",
            "T": "3",
            "U": "0",
            "Credit": "5,00",
            "ECTS": "5,00",
			"Instructor": "Hülya ASLANOĞLU",
			"Capacity": "0"
        },
        {
            "courseId": "MGT4088",
            "courseName": "Project Management for Engineers",
            "Type": "Elective",
            "T": "3",
            "U": "0",
            "Credit": "5,00",
            "ECTS": "5,00",
			"Instructor": "",
			"Capacity": "0"
        },
        {
            "courseId": "MSE4073",
            "courseName": "Materials Engineering Economics and Plant Design",
            "Type": "Elective",
            "T": "3",
            "U": "0",
            "Credit": "5,00",
            "ECTS": "5,00",
			"Instructor": "GÖRKEM YUMUŞAK",
			"Capacity": "0"
        },
        {
            "courseId": "MSE4074",
            "courseName": "Total Quality Management in Materials Engineering",
            "Type": "Elective",
            "T": "3",
            "U": "0",
            "Credit": "5,00",
            "ECTS": "5,00",
			"Instructor": "SEVAL GENÇ",
			"Capacity": "0"
        }
    ]
},

{
    "(NTE / ENG-UE) Non-Technical and University Elective Courses": [
        {
            "courseId": "BUS1003",
            "courseName": "Entrepreneurship and Innovation",
            "Type": "NTE-UE",
            "T": "2",
            "U": "0",
            "Credit": "3,00",
            "ECTS": "3,00",
			"Instructor":"HANDE ERGÜN",
			"Capacity":"50",
			"Semester":"Fall",
			"Schedule": [
			{
				"Day":"Tuesday",
				"Start":"09:00",
				"End":"10:50"
			}
			]
        },
        {
            "courseId": "BUS1004",
            "courseName": "Strategic Entrepreneurship",
            "Type": "NTE-UE",
            "T": "2",
            "U": "0",
            "Credit": "3,00",
            "ECTS": "3,00",
			"Instructor":"HANDE ERGÜN",
			"Capacity":"50",
			"Semester":"Spring",
			"Schedule": [
			{
				"Day":"Wednesday",
				"Start":"09:00",
				"End":"10:50"
			}
			]
        },
        {
            "courseId": "BUS2005",
            "courseName": "International Business",
            "Type": "NTE-UE",
            "T": "2",
            "U": "0",
            "Credit": "3,00",
            "ECTS": "3,00",
			"Instructor":"",
			"Capacity":"0",
			"Semester":"",
			"Schedule":[]
        },
        {
            "courseId": "CAS1001",
            "courseName": "Self Management",
            "Type": "NTE-UE",
            "T": "2",
            "U": "0",
            "Credit": "3,00",
            "ECTS": "3,00",
			"Instructor":"",
			"Capacity":"0",
			"Semester":"",
			"Schedule":[]
        },
        {
            "courseId": "CAS1010",
            "courseName": "Our Biosphere",
            "Type": "NTE-UE",
            "T": "2",
            "U": "0",
            "Credit": "3,00",
            "ECTS": "3,00",
			"Instructor":"",
			"Capacity":"0",
			"Semester":"",
			"Schedule":[]
        },
        {
            "courseId": "CAS1061",
            "courseName": "Geometric Origami",
            "Type": "NTE-UE",
            "T": "2",
            "U": "0",
            "Credit": "3,00",
            "ECTS": "3,00",
			"Instructor":"",
			"Capacity":"0",
			"Semester":"",
			"Schedule":[]
        },
        {
            "courseId": "CAS2001",
            "courseName": "Energy for Physical Activity",
            "Type": "NTE-UE",
            "T": "2",
            "U": "0",
            "Credit": "3,00",
            "ECTS": "3,00",
			"Instructor":"",
			"Capacity":"0",
			"Semester":"",
			"Schedule":[]
        },
        {
            "courseId": "CAS2002",
            "courseName": "Human Performance and Nutrition",
            "Type": "NTE-UE",
            "T": "2",
            "U": "0",
            "Credit": "3,00",
            "ECTS": "3,00",
			"Instructor":"",
			"Capacity":"0",
			"Semester":"",
			"Schedule":[]
        },
        {
            "courseId": "CAS2003",
            "courseName": "Cardiopulmonary Resuscitation and First Aid Basics",
            "Type": "NTE-UE",
            "T": "2",
            "U": "0",
            "Credit": "3,00",
            "ECTS": "3,00",
			"Instructor":"",
			"Capacity":"0",
			"Semester":"",
			"Schedule":[]
        },
        {
            "courseId": "CAS2004",
            "courseName": "Interpersonal Relations and Communication",
            "Type": "NTE-UE",
            "T": "2",
            "U": "0",
            "Credit": "3,00",
            "ECTS": "3,00",
			"Instructor":"",
			"Capacity":"0",
			"Semester":"",
			"Schedule":[]
        },
        {
            "courseId": "CAS2005",
            "courseName": "Trekking and Orienteering",
            "Type": "NTE-UE",
            "T": "2",
            "U": "0",
            "Credit": "3,00",
            "ECTS": "3,00",
			"Instructor":"",
			"Capacity":"0",
			"Semester":"",
			"Schedule":[]
        },
        {
            "courseId": "CAS3001",
            "courseName": "Earthquake and Rescue Principles",
            "Type": "NTE-UE",
            "T": "2",
            "U": "0",
            "Credit": "3,00",
            "ECTS": "3,00",
			"Instructor":"",
			"Capacity":"0",
			"Semester":"",
			"Schedule":[]
        },
        {
            "courseId": "CAS3044",
            "courseName": "Positive Thinking",
            "Type": "NTE-UE",
            "T": "2",
            "U": "0",
            "Credit": "3,00",
            "ECTS": "3,00",
			"Instructor":"",
			"Capacity":"0",
			"Semester":"",
			"Schedule":[]
        },
        {
            "courseId": "COMM2060",
            "courseName": "Communication Models and Techniques",
            "Type": "NTE-UE",
            "T": "2",
            "U": "0",
            "Credit": "3,00",
            "ECTS": "3,00",
			"Instructor":"FATMA BAŞARAN",
			"Capacity":"60",
			"Semester":"Fall",
			"Schedule": [
			{
				"Day":"Friday",
				"Start":"17:00",
				"End":"18:50"
			}
			]
        },
        {
            "courseId": "FNCE3003",
            "courseName": "Investment Planning",
            "Type": "NTE-UE",
            "T": "2",
            "U": "0",
            "Credit": "3,00",
            "ECTS": "3,00",
			"Instructor":"",
			"Capacity":"0",
			"Semester":"",
			"Schedule":[]
        },
        {
            "courseId": "HR1013",
            "courseName": "Career Development",
            "Type": "NTE-UE",
            "T": "2",
            "U": "0",
            "Credit": "3,00",
            "ECTS": "3,00",
			"Instructor":"HANDE ERGÜN",
			"Capacity":"60",
			"Semester":"Fall",
			"Schedule": [
			{
				"Day":"Tuesday",
				"Start":"11:00",
				"End":"12:50"
			}
			]
        },
        {
            "courseId": "HR4001",
            "courseName": "Career Orientation",
            "Type": "NTE-UE",
            "T": "2",
            "U": "0",
            "Credit": "3,00",
            "ECTS": "3,00",
			"Instructor":"",
			"Capacity":"0",
			"Semester":"",
			"Schedule":[]
        },
        {
            "courseId": "HSS3002",
            "courseName": "Ethics in Engineering and Science",
            "Type": "NTE-UE",
            "T": "2",
            "U": "0",
            "Credit": "3,00",
            "ECTS": "3,00",
			"Instructor":"",
			"Capacity":"0",
			"Semester":"",
			"Schedule":[]
        },
        {
            "courseId": "IKT1054",
            "courseName": "Industrial and Economic Sociology",
            "Type": "NTE-UE",
            "T": "2",
            "U": "0",
            "Credit": "3,00",
            "ECTS": "3,00",
			"Instructor":"Sinan Çaya",
			"Capacity":"40",
			"Semester":"",
			"Schedule":[]
			
        },
        {
            "courseId": "INF1001",
            "courseName": "Information Literacy in Engineering",
            "Type": "NTE-UE",
            "T": "2",
            "U": "0",
            "Credit": "3,00",
            "ECTS": "3,00",
			"Instructor":"",
			"Capacity":"0",
			"Semester":"",
			"Schedule":[]
        },
        {
            "courseId": "LAW2004",
            "courseName": "Labor Law",
            "Type": "NTE-UE",
            "T": "2",
            "U": "0",
            "Credit": "3,00",
            "ECTS": "3,00",
			"Instructor":"",
			"Capacity":"0",
			"Semester":"",
			"Schedule":[]
        },
        {
            "courseId": "MAN1001",
            "courseName": "Principles of Managerial Economics & Financial Management",
            "Type": "NTE-UE",
            "T": "2",
            "U": "0",
            "Credit": "3,00",
            "ECTS": "3,00",
			"Instructor":"",
			"Capacity":"0",
			"Semester":"",
			"Schedule":[]
        },
        {
            "courseId": "MGT1021",
            "courseName": "Design, Innovation and Entrepreneurship",
            "Type": "NTE-UE",
            "T": "2",
            "U": "0",
            "Credit": "3,00",
            "ECTS": "3,00",
			"Instructor":"",
			"Capacity":"0",
			"Semester":"",
			"Schedule":[]
        },
        {
            "courseId": "MGT3082",
            "courseName": "Creativity And Innovation Management",
            "Type": "NTE-UE",
            "T": "2",
            "U": "0",
            "Credit": "3,00",
            "ECTS": "3,00",
			"Instructor":"",
			"Capacity":"0",
			"Semester":"",
			"Schedule":[]
        },
        {
            "courseId": "MRK3082",
            "courseName": "Integrated Marketing Communication",
            "Type": "NTE-UE",
            "T": "2",
            "U": "0",
            "Credit": "3,00",
            "ECTS": "3,00",
			"Instructor":"",
			"Capacity":"0",
			"Semester":"",
			"Schedule":[]
        },
        {
            "courseId": "MRK3084",
            "courseName": "Brand Creation/Branding",
            "Type": "NTE-UE",
            "T": "2",
            "U": "0",
            "Credit": "3,00",
            "ECTS": "3,00",
			"Instructor":"Aytün Kanat",
			"Capacity":"70",
			"Semester":"Spring",
			"Schedule": [
			{
				"Day":"Friday",
				"Start":"15:00",
				"End":"16:50"
			}
			]
        },
        {
            "courseId": "NTE1002",
            "courseName": "Effects of Human Behaviour on Environment",
            "Type": "NTE-UE",
            "T": "2",
            "U": "0",
            "Credit": "3,00",
            "ECTS": "3,00",
			"Instructor":"",
			"Capacity":"0",
			"Semester":"",
			"Schedule":[]
        },
        {
            "courseId": "NTE1003",
            "courseName": "The Culture of Radiation Safety",
            "Type": "NTE-UE",
            "T": "2",
            "U": "0",
            "Credit": "3,00",
            "ECTS": "3,00",
			"Instructor":"Deniz Öner",
			"Capacity":"60",
			"Semester":"Fall",
			"Schedule": [
			{
				"Day":"Thursday",
				"Start":"17:00",
				"End":"18:50"
			}
			]
        },
        {
            "courseId": "NTE1004",
            "courseName": "World Cultures",
            "Type": "NTE-UE",
            "T": "2",
            "U": "0",
            "Credit": "3,00",
            "ECTS": "3,00",
			"Instructor":"",
			"Capacity":"0",
			"Semester":"",
			"Schedule":[]
        },
        {
            "courseId": "NTE1006",
            "courseName": "Basic Principles of Accessibility in Informatics and Technology",
            "Type": "NTE-UE",
            "T": "2",
            "U": "0",
            "Credit": "3,00",
            "ECTS": "3,00",
			"Instructor":"Engin Yılmaz",
			"Capacity":"70",
			"Semester":"Spring",
			"Schedule": [
			{
				"Day":"Tuesday",
				"Start":"10:00",
				"End":"11:50"
			}
			]
        },
        {
            "courseId": "NTE1008",
            "courseName": "Cinema",
            "Type": "NTE-UE",
            "T": "2",
            "U": "0",
            "Credit": "3,00",
            "ECTS": "3,00",
			"Instructor":"",
			"Capacity":"0",
			"Semester":"",
			"Schedule":[]
        },
        {
            "courseId": "NTE1010",
            "courseName": "Introduction to Finance for Engineers",
            "Type": "NTE-UE",
            "T": "2",
            "U": "0",
            "Credit": "3,00",
            "ECTS": "3,00",
			"Instructor":"Hayriye Oydağ",
			"Capacity":"69",
			"Semester":"Fall",
			"Schedule": [
			{
				"Day":"Saturday",
				"Start":"09:00",
				"End":"10:50"
			}
			]
        },
        {
            "courseId": "NTE1011",
            "courseName": "Business Communication",
            "Type": "NTE-UE",
            "T": "2",
            "U": "0",
            "Credit": "3,00",
            "ECTS": "3,00",
			"Instructor":"",
			"Capacity":"0",
			"Semester":"",
			"Schedule":[]
        },
        {
            "courseId": "NTE1012",
            "courseName": "Introduction to Corporate Governance for Engineers",
            "Type": "NTE-UE",
            "T": "2",
            "U": "0",
            "Credit": "3,00",
            "ECTS": "3,00",
			"Instructor":"",
			"Capacity":"0",
			"Semester":"",
			"Schedule":[]
        },
        {
            "courseId": "NTE1013",
            "courseName": "Business Intelligence for Managers",
            "Type": "NTE-UE",
            "T": "2",
            "U": "0",
            "Credit": "3,00",
            "ECTS": "3,00",
			"Instructor":"",
			"Capacity":"0",
			"Semester":"",
			"Schedule":[]
        },
        {
            "courseId": "NTE1014",
            "courseName": "Introduction to Strategic Human Resources Management",
            "Type": "NTE-UE",
            "T": "2",
            "U": "0",
            "Credit": "3,00",
            "ECTS": "3,00",
			"Instructor":"Özlem Yılmaz",
			"Capacity":"55",
			"Semester":"Fall",
			"Schedule": [
			{
				"Day":"Tuesday",
				"Start":"13:00",
				"End":"14:50"
			}
			]
        },
        {
            "courseId": "NTE1015",
            "courseName": "Introduction to Leadership & Management for Engineers",
            "Type": "NTE-UE",
            "T": "2",
            "U": "0",
            "Credit": "3,00",
            "ECTS": "3,00",
			"Instructor":"Özlem Yılmaz",
			"Capacity":"55",
			"Semester":"Fall",
			"Schedule": [
			{
				"Day":"Thursday",
				"Start":"10:00",
				"End":"11:50"
			}
			]
        },
        {
            "courseId": "NTE1016",
            "courseName": "Introduction to Strategy for Engineers",
            "Type": "NTE-UE",
            "T": "2",
            "U": "0",
            "Credit": "3,00",
            "ECTS": "3,00",
			"Instructor":"Özlem Yılmaz",
			"Capacity":"55",
			"Semester":"Fall",
			"Schedule": [
			{
				"Day":"Tuesday",
				"Start":"14:00",
				"End":"15:50"
			}
			]
        },
        {
            "courseId": "OB2040",
            "courseName": "Industrial Psychology",
            "Type": "NTE-UE",
            "T": "2",
            "U": "0",
            "Credit": "3,00",
            "ECTS": "3,00",
			"Instructor":"Sinan Çaya",
			"Capacity":"40",
			"Semester":"",
			"Schedule":[]
        },
        {
            "courseId": "OB2041",
            "courseName": "Behavioral Sciences for Engineers",
            "Type": "NTE-UE",
            "T": "2",
            "U": "0",
            "Credit": "3,00",
            "ECTS": "3,00",
			"Instructor":"Sinan Çaya",
			"Capacity":"40",
			"Semester":"",
			"Schedule":[]
        },
        {
            "courseId": "OB3043",
            "courseName": "Organizational Behaviour",
            "Type": "NTE-UE",
            "T": "2",
            "U": "0",
            "Credit": "3,00",
            "ECTS": "3,00",
			"Instructor":"Cahit Köse",
			"Capacity":"60",
			"Semester":"Fall",
			"Schedule": [
			{
				"Day":"Thursday",
				"Start":"09:00",
				"End":"10:50"
			}
			]
        },
        {
            "courseId": "SOC3082",
            "courseName": "Environmental Sociology",
            "Type": "NTE-UE",
            "T": "2",
            "U": "0",
            "Credit": "3,00",
            "ECTS": "3,00",
			"Instructor":"Sinan Çaya",
			"Capacity":"40",
			"Semester":"",
			"Schedule":[]
        },
        {
            "courseId": "YDA1001",
            "courseName": "German for Beginners",
            "Type": "NTE-UE",
            "T": "2",
            "U": "0",
            "Credit": "3,00",
            "ECTS": "3,00",
			"Instructor":"GÜLİZAR ÖZKURT",
			"Capacity":"55",
			"Semester":"Fall",
			"Schedule": [
			{
				"Day":"Wednesday",
				"Start":"13:00",
				"End":"14:50"
			}
			]
        },
        {
            "courseId": "YDA1002",
            "courseName": "German",
            "Type": "NTE-UE",
            "T": "2",
            "U": "0",
            "Credit": "3,00",
            "ECTS": "3,00",
			"Instructor":"GÜLİZAR ÖZKURT",
			"Capacity":"55",
			"Semester":"Fall",
			"Schedule": [
			{
				"Day":"Tuesday",
				"Start":"13:00",
				"End":"14:50"
			}
			]
        },
        {
            "courseId": "YDA1003",
            "courseName": "German Communication",
            "Type": "NTE-UE",
            "T": "2",
            "U": "0",
            "Credit": "3,00",
            "ECTS": "3,00",
			"Instructor":"GÜLİZAR ÖZKURT",
			"Capacity":"55",
			"Semester":"Fall",
			"Schedule": [
			{
				"Day":"Thursday",
				"Start":"13:00",
				"End":"14:50"
			}
			]
        },
        {
            "courseId": "YDA2001",
            "courseName": "Seminars in German",
            "Type": "NTE-UE",
            "T": "2",
            "U": "0",
            "Credit": "3,00",
            "ECTS": "3,00",
			"Instructor":"GÜLİZAR ÖZKURT",
			"Capacity":"55",
			"Semester":"",
			"Schedule":[]
        },
        {
            "courseId": "YDF1001",
            "courseName": "French for Beginners",
            "Type": "NTE-UE",
            "T": "2",
            "U": "0",
            "Credit": "3,00",
            "ECTS": "3,00",
			"Instructor":"",
			"Capacity":"0",
			"Semester":"",
			"Schedule":[]
        },
        {
            "courseId": "YDF1002",
            "courseName": "French",
            "Type": "NTE-UE",
            "T": "2",
            "U": "0",
            "Credit": "3,00",
            "ECTS": "3,00",
			"Instructor":"",
			"Capacity":"0",
			"Semester":"",
			"Schedule":[]
        },
        {
            "courseId": "YDI1004",
            "courseName": "Report Writing in English",
            "Type": "NTE-UE",
            "T": "2",
            "U": "0",
            "Credit": "3,00",
            "ECTS": "3,00",
			"Instructor":"Lale Şahin",
			"Capacity":"60",
			"Semester":"Spring",
			"Schedule": [
			{
				"Day":"Wednesday",
				"Start":"13:00",
				"End":"14:50"
			}
			]
        },
        {
            "courseId": "YDIS1001",
            "courseName": "Spanish for Beginners",
            "Type": "NTE-UE",
            "T": "2",
            "U": "0",
            "Credit": "3,00",
            "ECTS": "3,00",
			"Instructor":"ROSA RANGEL",
			"Capacity":"70",
			"Semester":"Fall",
			"Schedule": [
			{
				"Day":"Monday",
				"Start":"13:00",
				"End":"14:50"
			}
			]
        },
        {
            "courseId": "YDIS1002",
            "courseName": "Spanish",
            "Type": "NTE-UE",
            "T": "2",
            "U": "0",
            "Credit": "3,00",
            "ECTS": "3,00",
			"Instructor":"ROSA RANGEL",
			"Capacity":"70",
			"Semester":"Spring",
			"Schedule": [
			{
				"Day":"Tuesday",
				"Start":"10:00",
				"End":"11:50"
			}
			]
        }
    ]
}
]