[  
	{ 
      "instructorID": 1000,
	  "name": "Çiğdem",
	  "surname": "Eroğlu Erdem",
	  "email":"cigdem.erdem@marmara.edu.tr"
	    
	},
	
	{ 
      "instructorID": 1001,
	  "name": "Betül",
	  "surname": "Demiröz Boz",
	  "email":"betul.demiroz@marmara.edu.tr"
	    
	},
	
	{ 
      "instructorID": 1002,
	  "name": "Fatma",
	  "surname": "Corut Ergin",
	  "email":"fatma.ergin@marmara.edu.tr"
	    
	},
	
	{ 
      "instructorID": 1003,
	  "name": "Ömer",
	  "surname": "Korçak",
	  "email":"omer.korcak@marmara.edu.tr"
	    
	},
	
	{ 
      "instructorID": 1004,
	  "name": "Ali Haydar",
	  "surname": "Özer",
	  "email":"haydar.ozer@marmara.edu.tr"
	    
	},
	
	{ 
      "instructorID": 1005,
	  "name": "Sanem",
	  "surname": "Arslan",
	  "email":"sanem.arslan@marmara.edu.tr"
	    
	},
	  
	{ 
      "instructorID": 1006,
	  "name": "Murat Can",
	  "surname": "Ganiz",
	  "email":"murat.ganiz@marmara.edu.tr"
	    
	},
	
	{ 
      "instructorID": 1007,
	  "name": "Müjdat",
	  "surname": "Soytürk",
	  "email":"mujdat.soyturk@marmara.edu.tr"
	    
	},
	
	{ 
      "instructorID": 1008,
	  "name": "Borahan",
	  "surname": "Tümer",
	  "email":"borahan.tumer@marmara.edu.tr"
	    
	},
	
	{ 
      "instructorID": 1009,
	  "name": "Mustafa",
	  "surname": "Ağaoğlu",
	  "email":"agaoglu@marmara.edu.tr"
	    
	},
	
	{ 
      "instructorID": 1010,
	  "name": "Mehmet",
	  "surname": "Baran",
	  "email":"mehmet.baran@marmara.edu.tr"
	    
	},
	
	{ 
      "instructorID": 1011,
	  "name": "Fulya",
	  "surname":"Çallıalp",
	  "email":"fulya.callıalp@marmara.edu.tr"
	    
	},
	
	{ 
      "instructorID": 1012,
	  "name": "Eren Yıldızhan",
	  "surname": "Geyhan",
	  "email":"eren.geyhan@marmara.edu.tr"
	    
	},
	
	{ 
      "instructorID": 1013,
	  "name": "Hande Sinem",
	  "surname": "Ergün",
	  "email":"@hande.ergunmarmara.edu.tr"
	    
	},
	
	{ 
      "instructorID": 1014,
	  "name": "Sinan",
	  "surname": "Çaya",
	  "email":"sinan.caya@marmara.edu.tr"
	    
	},
	
	{ 
      "instructorID": 1015,
	  "name": "Mustafa",
	  "surname": "Yılmaz",
	  "email":"mustafa.yılmaz@marmara.edu.tr"
	    
	},
	
	{ 
      "instructorID": 1016,
	  "name": "M. Nureddin",
	  "surname":"Türkan",
	  "email":"nureddin.turkan@marmara.edu.tr"
	    
	},
	
	{ 
      "instructorID": 1017,
	  "name": "Mustafa Cem",
	  "surname": "Çelik",
	  "email":"mustafa.celik@marmara.edu.tr"
	    
	},
	
	{ 
      "instructorID": 1018,
	  "name": "Hülya",
	  "surname": "Özler",
	  "email":"hulya.ozler@marmara.edu.tr"
	    
	},
	
	{ 
      "instructorID": 1019,
	  "name": "Hülya",
	  "surname": "Aslanoğlu",
	  "email":"hulya.aslanoglu@marmara.edu.tr"
	    
	},
	{ 
      "instructorID": 1020,
	  "name": "Uğur",
	  "surname": "Özveren",
	  "email":"ugur.ozveren@marmara.edu.tr"
	    
	},
	{ 
      "instructorID": 1021,
	  "name": "Fatma Beyza",
	  "surname": "Başaran",
	  "email":"fatma.basaran@marmara.edu.tr"
	    
	},
	{ 
      "instructorID": 1022,
	  "name": "Haluk Rahmi",
	  "surname": "Topçuoğlu",
	  "email":"haluk.topcuoglu@marmara.edu.tr"
	    
	},
	{ 
      "instructorID": 1023,
	  "name": "Ayşe Beyza",
	  "surname": "Celep",
	  "email":"ayse.celep@marmara.edu.tr"
	    
	},
	{ 
      "instructorID": 1024,
	  "name": "Mustafa Taylan",
	  "surname": "Sengul",
	  "email":"mustafa.sengul@marmara.edu.tr"
	    
	},

	{ 
      "instructorID": 1026,
	  "name": "Beste",
	  "surname": "Turanlı",
	  "email":"beste.turanlı@marmara.edu.tr"
	    
	},
	{ 
      "instructorID": 1027,
	  "name": "Beytullah Gültekin",
	  "surname": "Çetiner",
	  "email":"beytullah.cetiner@marmara.edu.tr"
	    
	},
	{ 
      "instructorID": 1028,
	  "name": "Emrah",
	  "surname": "Gençalp",
	  "email":"emrah.gencalp@marmara.edu.tr"
	    
	},
	{ 
      "instructorID": 1029,
	  "name": "Aytün",
	  "surname": "Alakuş",
	  "email":"aytun.alakus@marmara.edu.tr"
	    
	},
	{ 
      "instructorID": 1030,
	  "name": "Özge",
	  "surname": "Kanat",
	  "email":"ozge.kanat@marmara.edu.tr"
	    
	},
	{ 
      "instructorID": 1031,
	  "name": "Deniz",
	  "surname": "Öner",
	  "email":"deniz.oner@marmara.edu.tr"
	    
	},
	{ 
      "instructorID": 1032,
	  "name": "Hayriye Ebru",
	  "surname": "Oydağ",
	  "email":"hayriye.oydag@marmara.edu.tr"
	    
	},
	{ 
      "instructorID": 1033,
	  "name": "Özlem",
	  "surname": "Yılmaz",
	  "email":"ozlem.yılmaz@marmara.edu.tr"
	    
	},
	{ 
      "instructorID": 1034,
	  "name": "Seda",
	  "surname": "Tunoğlu",
	  "email":"seda.tunoglu@marmara.edu.tr"
	    
	},
	{ 
      "instructorID": 1035,
	  "name": "Mustafa",
	  "surname": "Alevli",
	  "email":"mustafa.alevli@marmara.edu.tr"
	    
	},
	{ 
      "instructorID": 1036,
	  "name": "Tayfun",
	  "surname": "Akyürek",
	  "email":"tayfun.akyurek@marmara.edu.tr"
	    
	},
	{ 
      "instructorID": 1037,
	  "name": "Hüseyin",
	  "surname": "Yaltırık",
	  "email":"huseyin.yaltırık@marmara.edu.tr"
	    
	},
	{ 
      "instructorID": 1038,
	  "name": "Yasemin",
	  "surname": "Bulut",
	  "email":"yasemin.bulut@marmara.edu.tr"
	    
	},
	{ 
      "instructorID": 1039,
	  "name": "Gülizar Semra",
	  "surname": "Özkürt",
	  "email":"gulizar.ozkurt@marmara.edu.tr"
	    
	},
	{ 
      "instructorID": 1040,
	  "name": "Rosa Maria Flores",
	  "surname": "Rangel",
	  "email":"rosa.rangel@marmara.edu.tr"
	    
	},
	{ 
      "instructorID": 1041,
	  "name": "Ahmet",
	  "surname": "Unutulmaz",
	  "email":"ahmet.unutulmaz@marmara.edu.tr"
	    
	},
	{ 
      "instructorID": 1042,
	  "name": "Gökhan Bora",
	  "surname": "Esmer",
	  "email":"gokhan.esmer@marmara.edu.tr"
	    
	},
	{ 
      "instructorID": 1043,
	  "name": "Sıddık Sinan",
	  "surname": "Keskin",
	  "email":"sinan.keskin@marmara.edu.tr"
	    
	},
	{ 
      "instructorID": 1044,
	  "name": "Berna",
	  "surname": "Balta",
	  "email":"berna.balta@marmara.edu.tr"
	    
	},
	{ 
      "instructorID": 1045,
	  "name": "Ahmet Tanju",
	  "surname": "Yelkenci",
	  "email":"ahmet.yelkenci@marmara.edu.tr"
	    
	},
	{ 
      "instructorID": 1046,
	  "name": "Görkem",
	  "surname": "Yumuşak",
	  "email":"gorkem.yumusak@marmara.edu.tr"
	    
	},
	{ 
      "instructorID": 1047,
	  "name": "Engin",
	  "surname": "Yılmaz",
	  "email":"engin.yılmaz@marmara.edu.tr"
	    
	},
	{ 
      "instructorID": 1048,
	  "name": "Turgay",
	  "surname": "Özbek",
	  "email":"turgay.ozbek@marmara.edu.tr"
	    
	},
	{ 
      "instructorID": 1049,
	  "name": "Cahit",
	  "surname": "Köse",
	  "email":"cahit.kose@marmara.edu.tr"
	    
	},
	{ 
      "instructorID": 1050,
	  "name": "Caner",
	  "surname":"Dilmener",
	  "email":"caner.dilmener@marmara.edu.tr"
	    
	},
	{ 
      "instructorID": 1051,
	  "name": "Lale",
	  "surname": "Özdemir Şahin",
	  "email":"lale.sahin@marmara.edu.tr"
	    
	}

]