{
    "(NTE / ENG-UE) Non-Technical and University Elective Courses": [
        {
            "Course Code": "BUS1003",
            "Course Name": "Entrepreneurship and Innovation",
            "Type": "NTE-UE",
            "T": "2",
            "U": "0",
            "Credit": "3,00",
            "ECTS": "3,00",
			"Instructor":"Prof. Dr. HANDE SİNEM ERGUN",
			"Capacity":"50",
			"Semester":"Fall"
        },
        {
            "Course Code": "BUS1004",
            "Course Name": "Strategic Entrepreneurship",
            "Type": "NTE-UE",
            "T": "2",
            "U": "0",
            "Credit": "3,00",
            "ECTS": "3,00",
			"Instructor":"Prof. Dr. HANDE SİNEM ERGUN",
			"Capacity":"50",
			"Semester":""
        },
        {
            "Course Code": "BUS2005",
            "Course Name": "International Business",
            "Type": "NTE-UE",
            "T": "2",
            "U": "0",
            "Credit": "3,00",
            "ECTS": "3,00",
			"Instructor":"",
			"Capacity":"",
			"Semester":""
        },
        {
            "Course Code": "CAS1001",
            "Course Name": "Self Management",
            "Type": "NTE-UE",
            "T": "2",
            "U": "0",
            "Credit": "3,00",
            "ECTS": "3,00",
			"Instructor":"",
			"Capacity":"",
			"Semester":""
        },
        {
            "Course Code": "CAS1010",
            "Course Name": "Our Biosphere",
            "Type": "NTE-UE",
            "T": "2",
            "U": "0",
            "Credit": "3,00",
            "ECTS": "3,00",
			"Instructor":"",
			"Capacity":"",
			"Semester":""
        },
        {
            "Course Code": "CAS1061",
            "Course Name": "Geometric Origami",
            "Type": "NTE-UE",
            "T": "2",
            "U": "0",
            "Credit": "3,00",
            "ECTS": "3,00",
			"Instructor":"",
			"Capacity":"",
			"Semester":""
        },
        {
            "Course Code": "CAS2001",
            "Course Name": "Energy for Physical Activity",
            "Type": "NTE-UE",
            "T": "2",
            "U": "0",
            "Credit": "3,00",
            "ECTS": "3,00",
			"Instructor":"",
			"Capacity":"",
			"Semester":""
        },
        {
            "Course Code": "CAS2002",
            "Course Name": "Human Performance and Nutrition",
            "Type": "NTE-UE",
            "T": "2",
            "U": "0",
            "Credit": "3,00",
            "ECTS": "3,00",
			"Instructor":"",
			"Capacity":"",
			"Semester":""
        },
        {
            "Course Code": "CAS2003",
            "Course Name": "Cardiopulmonary Resuscitation and First Aid Basics",
            "Type": "NTE-UE",
            "T": "2",
            "U": "0",
            "Credit": "3,00",
            "ECTS": "3,00",
			"Instructor":"",
			"Capacity":"",
			"Semester":""
        },
        {
            "Course Code": "CAS2004",
            "Course Name": "Interpersonal Relations and Communication",
            "Type": "NTE-UE",
            "T": "2",
            "U": "0",
            "Credit": "3,00",
            "ECTS": "3,00",
			"Instructor":"",
			"Capacity":"",
			"Semester":""
        },
        {
            "Course Code": "CAS2005",
            "Course Name": "Trekking and Orienteering",
            "Type": "NTE-UE",
            "T": "2",
            "U": "0",
            "Credit": "3,00",
            "ECTS": "3,00",
			"Instructor":"",
			"Capacity":"",
			"Semester":""
        },
        {
            "Course Code": "CAS3001",
            "Course Name": "Earthquake and Rescue Principles",
            "Type": "NTE-UE",
            "T": "2",
            "U": "0",
            "Credit": "3,00",
            "ECTS": "3,00",
			"Instructor":"",
			"Capacity":"",
			"Semester":""
        },
        {
            "Course Code": "CAS3044",
            "Course Name": "Positive Thinking",
            "Type": "NTE-UE",
            "T": "2",
            "U": "0",
            "Credit": "3,00",
            "ECTS": "3,00",
			"Instructor":"",
			"Capacity":"",
			"Semester":""
        },
        {
            "Course Code": "COMM2060",
            "Course Name": "Communication Models and Techniques",
            "Type": "NTE-UE",
            "T": "2",
            "U": "0",
            "Credit": "3,00",
            "ECTS": "3,00",
			"Instructor":"Öğr. Gör. FATMA BEYZA BAŞARAN",
			"Capacity":"60",
			"Semester":"Fall"
        },
        {
            "Course Code": "FNCE3003",
            "Course Name": "Investment Planning",
            "Type": "NTE-UE",
            "T": "2",
            "U": "0",
            "Credit": "3,00",
            "ECTS": "3,00",
			"Instructor":"",
			"Capacity":"",
			"Semester":""
        },
        {
            "Course Code": "HR1013",
            "Course Name": "Career Development",
            "Type": "NTE-UE",
            "T": "2",
            "U": "0",
            "Credit": "3,00",
            "ECTS": "3,00",
			"Instructor":"Prof. Dr. HANDE SİNEM ERGUN",
			"Capacity":"60",
			"Semester":"Fall"
        },
        {
            "Course Code": "HR4001",
            "Course Name": "Career Orientation",
            "Type": "NTE-UE",
            "T": "2",
            "U": "0",
            "Credit": "3,00",
            "ECTS": "3,00",
			"Instructor":"",
			"Capacity":"",
			"Semester":""
        },
        {
            "Course Code": "HSS3002",
            "Course Name": "Ethics in Engineering and Science",
            "Type": "NTE-UE",
            "T": "2",
            "U": "0",
            "Credit": "3,00",
            "ECTS": "3,00",
			"Instructor":"",
			"Capacity":"",
			"Semester":""
        },
        {
            "Course Code": "IKT1054",
            "Course Name": "Industrial and Economic Sociology",
            "Type": "NTE-UE",
            "T": "2",
            "U": "0",
            "Credit": "3,00",
            "ECTS": "3,00",
			"Instructor":"Doç. Dr. Sinan Çaya",
			"Capacity":"40",
			"Semester":"Fall"
        },
        {
            "Course Code": "INF1001",
            "Course Name": "Information Literacy in Engineering",
            "Type": "NTE-UE",
            "T": "2",
            "U": "0",
            "Credit": "3,00",
            "ECTS": "3,00",
			"Instructor":"",
			"Capacity":"",
			"Semester":""
        },
        {
            "Course Code": "LAW2004",
            "Course Name": "Labor Law",
            "Type": "NTE-UE",
            "T": "2",
            "U": "0",
            "Credit": "3,00",
            "ECTS": "3,00",
			"Instructor":"",
			"Capacity":"",
			"Semester":""
        },
        {
            "Course Code": "MAN1001",
            "Course Name": "Principles of Managerial Economics & Financial Management",
            "Type": "NTE-UE",
            "T": "2",
            "U": "0",
            "Credit": "3,00",
            "ECTS": "3,00",
			"Instructor":"",
			"Capacity":"",
			"Semester":""
        },
        {
            "Course Code": "MGT1021",
            "Course Name": "Design, Innovation and Entrepreneurship",
            "Type": "NTE-UE",
            "T": "2",
            "U": "0",
            "Credit": "3,00",
            "ECTS": "3,00",
			"Instructor":"",
			"Capacity":"",
			"Semester":""
        },
        {
            "Course Code": "MGT3082",
            "Course Name": "Creativity And Innovation Management",
            "Type": "NTE-UE",
            "T": "2",
            "U": "0",
            "Credit": "3,00",
            "ECTS": "3,00",
			"Instructor":"",
			"Capacity":"",
			"Semester":""
        },
        {
            "Course Code": "MRK3082",
            "Course Name": "Integrated Marketing Communication",
            "Type": "NTE-UE",
            "T": "2",
            "U": "0",
            "Credit": "3,00",
            "ECTS": "3,00",
			"Instructor":"",
			"Capacity":"",
			"Semester":""
        },
        {
            "Course Code": "MRK3084",
            "Course Name": "Brand Creation/Branding",
            "Type": "NTE-UE",
            "T": "2",
            "U": "0",
            "Credit": "3,00",
            "ECTS": "3,00",
			"Instructor":"Öğr. Gör. Aytün Kanat",
			"Capacity":"70",
			"Semester":"Spring"
        },
        {
            "Course Code": "NTE1002",
            "Course Name": "Effects of Human Behaviour on Environment",
            "Type": "NTE-UE",
            "T": "2",
            "U": "0",
            "Credit": "3,00",
            "ECTS": "3,00",
			"Instructor":"",
			"Capacity":"",
			"Semester":""
        },
        {
            "Course Code": "NTE1003",
            "Course Name": "The Culture of Radiation Safety",
            "Type": "NTE-UE",
            "T": "2",
            "U": "0",
            "Credit": "3,00",
            "ECTS": "3,00",
			"Instructor":"Dr. Deniz Öner",
			"Capacity":"60",
			"Semester":"Fall"
        },
        {
            "Course Code": "NTE1004",
            "Course Name": "World Cultures",
            "Type": "NTE-UE",
            "T": "2",
            "U": "0",
            "Credit": "3,00",
            "ECTS": "3,00",
			"Instructor":"",
			"Capacity":"",
			"Semester":""
        },
        {
            "Course Code": "NTE1006",
            "Course Name": "Basic Principles of Accessibility in Informatics and Technology",
            "Type": "NTE-UE",
            "T": "2",
            "U": "0",
            "Credit": "3,00",
            "ECTS": "3,00",
			"Instructor":"Dr. Engin Yılmaz",
			"Capacity":"70",
			"Semester":"Spring"
        },
        {
            "Course Code": "NTE1008",
            "Course Name": "Cinema",
            "Type": "NTE-UE",
            "T": "2",
            "U": "0",
            "Credit": "3,00",
            "ECTS": "3,00",
			"Instructor":"",
			"Capacity":"",
			"Semester":""
        },
        {
            "Course Code": "NTE1010",
            "Course Name": "Introduction to Finance for Engineers",
            "Type": "NTE-UE",
            "T": "2",
            "U": "0",
            "Credit": "3,00",
            "ECTS": "3,00",
			"Instructor":"Dr. Hayriye Ebru Oydağ",
			"Capacity":"69",
			"Semester":"Fall"
        },
        {
            "Course Code": "NTE1011",
            "Course Name": "Business Communication",
            "Type": "NTE-UE",
            "T": "2",
            "U": "0",
            "Credit": "3,00",
            "ECTS": "3,00",
			"Instructor":"",
			"Capacity":"",
			"Semester":""
        },
        {
            "Course Code": "NTE1012",
            "Course Name": "Introduction to Corporate Governance for Engineers",
            "Type": "NTE-UE",
            "T": "2",
            "U": "0",
            "Credit": "3,00",
            "ECTS": "3,00",
			"Instructor":"",
			"Capacity":"",
			"Semester":""
        },
        {
            "Course Code": "NTE1013",
            "Course Name": "Business Intelligence for Managers",
            "Type": "NTE-UE",
            "T": "2",
            "U": "0",
            "Credit": "3,00",
            "ECTS": "3,00",
			"Instructor":"",
			"Capacity":"",
			"Semester":""
        },
        {
            "Course Code": "NTE1014",
            "Course Name": "Introduction to Strategic Human Resources Management",
            "Type": "NTE-UE",
            "T": "2",
            "U": "0",
            "Credit": "3,00",
            "ECTS": "3,00",
			"Instructor":"Öğr. Gör. Özlem Yılmaz",
			"Capacity":"55",
			"Semester":"Fall"
        },
        {
            "Course Code": "NTE1015",
            "Course Name": "Introduction to Leadership & Management for Engineers",
            "Type": "NTE-UE",
            "T": "2",
            "U": "0",
            "Credit": "3,00",
            "ECTS": "3,00",
			"Instructor":"Öğr. Gör. Özlem Yılmaz",
			"Capacity":"55",
			"Semester":"Fall"
        },
        {
            "Course Code": "NTE1016",
            "Course Name": "Introduction to Strategy for Engineers",
            "Type": "NTE-UE",
            "T": "2",
            "U": "0",
            "Credit": "3,00",
            "ECTS": "3,00",
			"Instructor":"Öğr. Gör. Özlem Yılmaz",
			"Capacity":"55",
			"Semester":"Fall"
        },
        {
            "Course Code": "OB2040",
            "Course Name": "Industrial Psychology",
            "Type": "NTE-UE",
            "T": "2",
            "U": "0",
            "Credit": "3,00",
            "ECTS": "3,00",
			"Instructor":"Dr. Sinan Çaya",
			"Capacity":"40",
			"Semester":"Fall"
        },
        {
            "Course Code": "OB2041",
            "Course Name": "Behavioral Sciences for Engineers",
            "Type": "NTE-UE",
            "T": "2",
            "U": "0",
            "Credit": "3,00",
            "ECTS": "3,00",
			"Instructor":"Dr. Sinan Çaya",
			"Capacity":"40",
			"Semester":"Fall"
        },
        {
            "Course Code": "OB3043",
            "Course Name": "Organizational Behaviour",
            "Type": "NTE-UE",
            "T": "2",
            "U": "0",
            "Credit": "3,00",
            "ECTS": "3,00",
			"Instructor":"Dr. Cahit Köse",
			"Capacity":"60",
			"Semester":"Fall"
        },
        {
            "Course Code": "SOC3082",
            "Course Name": "Environmental Sociology",
            "Type": "NTE-UE",
            "T": "2",
            "U": "0",
            "Credit": "3,00",
            "ECTS": "3,00",
			"Instructor":"Dr. Sinan Çaya",
			"Capacity":"40",
			"Semester":"Fall"
        },
        {
            "Course Code": "YDA1001",
            "Course Name": "German for Beginners",
            "Type": "NTE-UE",
            "T": "2",
            "U": "0",
            "Credit": "3,00",
            "ECTS": "3,00",
			"Instructor":"Öğr. Gör. Gülizar Semra Özkurt",
			"Capacity":"55",
			"Semester":"Fall"
        },
        {
            "Course Code": "YDA1002",
            "Course Name": "German",
            "Type": "NTE-UE",
            "T": "2",
            "U": "0",
            "Credit": "3,00",
            "ECTS": "3,00",
			"Instructor":"Öğr. Gör. Gülizar Semra Özkurt",
			"Capacity":"55",
			"Semester":"Fall"
        },
        {
            "Course Code": "YDA1003",
            "Course Name": "German Communication",
            "Type": "NTE-UE",
            "T": "2",
            "U": "0",
            "Credit": "3,00",
            "ECTS": "3,00",
			"Instructor":"Öğr. Gör. Gülizar Semra Özkurt",
			"Capacity":"55",
			"Semester":"Fall"
        },
        {
            "Course Code": "YDA2001",
            "Course Name": "Seminars in German",
            "Type": "NTE-UE",
            "T": "2",
            "U": "0",
            "Credit": "3,00",
            "ECTS": "3,00",
			"Instructor":"Öğr. Gör. Gülizar Semra Özkurt",
			"Capacity":"55",
			"Semester":""
        },
        {
            "Course Code": "YDF1001",
            "Course Name": "French for Beginners",
            "Type": "NTE-UE",
            "T": "2",
            "U": "0",
            "Credit": "3,00",
            "ECTS": "3,00",
			"Instructor":"",
			"Capacity":"",
			"Semester":""
        },
        {
            "Course Code": "YDF1002",
            "Course Name": "French",
            "Type": "NTE-UE",
            "T": "2",
            "U": "0",
            "Credit": "3,00",
            "ECTS": "3,00",
			"Instructor":"",
			"Capacity":"",
			"Semester":""
        },
        {
            "Course Code": "YDI1004",
            "Course Name": "Report Writing in English",
            "Type": "NTE-UE",
            "T": "2",
            "U": "0",
            "Credit": "3,00",
            "ECTS": "3,00",
			"Instructor":"Dr. Lale Özdemir Şahin",
			"Capacity":"60",
			"Semester":"Spring"
        },
        {
            "Course Code": "YDIS1001",
            "Course Name": "Spanish for Beginners",
            "Type": "NTE-UE",
            "T": "2",
            "U": "0",
            "Credit": "3,00",
            "ECTS": "3,00",
			"Instructor":"ROSA MARIA FLORES RANGEL",
			"Capacity":"70",
			"Semester":"Fall"
        },
        {
            "Course Code": "YDIS1002",
            "Course Name": "Spanish",
            "Type": "NTE-UE",
            "T": "2",
            "U": "0",
            "Credit": "3,00",
            "ECTS": "3,00",
			"Instructor":"ROSA MARIA FLORES RANGEL",
			"Capacity":"70",
			"Semester":"Fall"
        }
    ]
}