﻿{
    "(TE)Technical Elective Courses": [
        {
            "Course Code": "CSE4026",
            "Course Name": "Introduction to Robotics and Control Theory",
            "Type": "TE",
            "T": "3",
            "U": "0",
            "Credit": "5,00",
            "ECTS": "5,00",
			"Instructor": "Dr. Öğr. Üyesi MEHMET KADİR BARAN",
            "Capacity": "40",
			"Semester":"Spring"
        },
        {
            "Course Code": "CSE4032",
            "Course Name": "Introduction to Distributed Systems",
            "Type": "TE",
            "T": "3",
            "U": "0",
            "Credit": "5,00",
            "ECTS": "5,00",
			"Instructor": "",
            "Capacity": "0",
			"Semester":""
        },
        {
            "Course Code": "CSE4034",
            "Course Name": "Advanced Unix Programming",
            "Type": "TE",
            "T": "3",
            "U": "0",
            "Credit": "5,00",
            "ECTS": "5,00",
			"Instructor": "Dr. Öğr. Üyesi SANEM ARSLAN YILMAZ",
            "Capacity": "45",
			"Semester":"Spring"
        },
        {
            "Course Code": "CSE4038",
            "Course Name": "Introduction to Parallel Processing",
            "Type": "TE",
            "T": "3",
            "U": "0",
            "Credit": "5,00",
            "ECTS": "5,00",
			"Instructor": "",
            "Capacity": "0",
			"Semester":""
        },
        {
            "Course Code": "CSE4040",
            "Course Name": "Cloud Computing",
            "Type": "TE",
            "T": "3",
            "U": "0",
            "Credit": "5,00",
            "ECTS": "5,00",
			"Instructor": "",
            "Capacity": "0",
			"Semester":""
        },
        {
            "Course Code": "CSE4044",
            "Course Name": "Software Project Management",
            "Type": "TE",
            "T": "3",
            "U": "0",
            "Credit": "5,00",
            "ECTS": "5,00",
			"Instructor": "",
            "Capacity": "0",
			"Semester":""
        },
        {
            "Course Code": "CSE4053",
            "Course Name": "Information Systems: Analysis and Design",
            "Type": "TE",
            "T": "3",
            "U": "0",
            "Credit": "5,00",
            "ECTS": "5,00",
			"Instructor": "Doç.Dr. MUSTAFA AĞAOĞLU",
            "Capacity": "45",
			"Semester": "Spring"
        },
        {
            "Course Code": "CSE4056",
            "Course Name": "Management of Information Systems",
            "Type": "TE",
            "T": "3",
            "U": "0",
            "Credit": "5,00",
            "ECTS": "5,00",
			"Instructor": "",
            "Capacity": "0",
			"Semester":""
        },
        {
            "Course Code": "CSE4057",
            "Course Name": "Information Systems Security",
            "Type": "TE",
            "T": "3",
            "U": "0",
            "Credit": "5,00",
            "ECTS": "5,00",
			"Instructor": "Doç.Dr. ÖMER KORÇAK",
            "Capacity": "48",
			"Semester": "Spring"
        },
        {
            "Course Code": "CSE4058",
            "Course Name": "Fundamentals of Electronic Commerce",
            "Type": "TE",
            "T": "3",
            "U": "0",
            "Credit": "5,00",
            "ECTS": "5,00",
			"Instructor": "",
            "Capacity": "0",
			"Semester":""
        },
        {
            "Course Code": "CSE4059",
            "Course Name": "Internet Programming",
            "Type": "TE",
            "T": "3",
            "U": "0",
            "Credit": "5,00",
            "ECTS": "5,00",
			"Instructor": "",
            "Capacity": "0",
			"Semester":""
        },
        {
            "Course Code": "CSE4061",
            "Course Name": "Compiler Design",
            "Type": "TE",
            "T": "3",
            "U": "0",
            "Credit": "5,00",
            "ECTS": "5,00",
			"Instructor": "Dr. Öğr. Üyesi BETÜL BOZ",
            "Capacity": "47",
			"Semester": "Spring"
        },
        {
            "Course Code": "CSE4062",
            "Course Name": "Introduction to Data Science and Analytics",
            "Type": "TE",
            "T": "3",
            "U": "0",
            "Credit": "5,00",
            "ECTS": "5,00",
			"Instructor": "Doç.Dr. MURAT CAN GANİZ",
            "Capacity": "68",
			"Semester": "Spring"
        },
        {
            "Course Code": "CSE4063",
            "Course Name": "Fundamentals of Data Mining",
            "Type": "TE",
            "T": "3",
            "U": "0",
            "Credit": "5,00",
            "ECTS": "5,00",
			"Instructor": "Doç.Dr. MUSTAFA AĞAOĞLU",
            "Capacity": "55",
			"Semester": "Fall"
        },
        {
            "Course Code": "CSE4065",
            "Course Name": "Introduction to Computational Genomics",
            "Type": "TE",
            "T": "3",
            "U": "0",
            "Credit": "5,00",
            "ECTS": "5,00",
			"Instructor": "Dr. Öğr. Üyesi BETÜL BOZ",
            "Capacity": "57",
			"Semester": "Spring"
			
        },
        {
            "Course Code": "CSE4066",
            "Course Name": "Introduction to Cryptography",
            "Type": "TE",
            "T": "3",
            "U": "0",
            "Credit": "5,00",
            "ECTS": "5,00",
			"Instructor": "",
            "Capacity": "0",
			"Semester":""
        },
        {
            "Course Code": "CSE4067",
            "Course Name": "Introduction to Blockchain Programming",
            "Type": "TE",
            "T": "3",
            "U": "0",
            "Credit": "5,00",
            "ECTS": "5,00",
			"Instructor": "",
            "Capacity": "0",
			"Semester":""
        },
        {
            "Course Code": "CSE4070",
            "Course Name": "Software Frameworks",
            "Type": "TE",
            "T": "3",
            "U": "0",
            "Credit": "5,00",
            "ECTS": "5,00",
			"Instructor": "",
            "Capacity": "0",
			"Semester":""
        },
        {
            "Course Code": "CSE4075",
            "Course Name": "Wireless and Mobile Networks",
            "Type": "TE",
            "T": "3",
            "U": "0",
            "Credit": "5,00",
            "ECTS": "5,00",
			"Instructor": "Doç.Dr. MÜJDAT SOYTÜRK",
            "Capacity": "40",
			"Semester": "Spring"
        },
        {
            "Course Code": "CSE4082",
            "Course Name": "Artificial Intelligence",
            "Type": "TE",
            "T": "3",
            "U": "0",
            "Credit": "5,00",
            "ECTS": "5,00",
			"Instructor": "Dr. Öğr. Üyesi ALİ HAYDAR ÖZER",
            "Capacity": "55",
			"Semester": "Fall"
        },
        {
            "Course Code": "CSE4083",
            "Course Name": "Computer Graphics",
            "Type": "TE",
            "T": "3",
            "U": "0",
            "Credit": "5,00",
            "ECTS": "5,00",
			"Instructor": "Dr. Öğr. Üyesi MEHMET KADİR BARAN",
            "Capacity": "40",
			"Semester": "Fall"
        },
        {
            "Course Code": "CSE4084",
            "Course Name": "Multimedia Systems",
            "Type": "TE",
            "T": "3",
            "U": "0",
            "Credit": "5,00",
            "ECTS": "5,00",
			"Instructor": "Prof.Dr. ÇİĞDEM EROĞLU ERDEM",
            "Capacity": "55",
			"Semester": "Fall"
        },
        {
            "Course Code": "CSE4085",
            "Course Name": "Human Computer Interaction",
            "Type": "TE",
            "T": "3",
            "U": "0",
            "Credit": "5,00",
            "ECTS": "5,00",
			"Instructor": "",
            "Capacity": "0",
			"Semester":""
        },
        {
            "Course Code": "CSE4086",
            "Course Name": "Mobile Device Programming",
            "Type": "TE",
            "T": "3",
            "U": "0",
            "Credit": "5,00",
            "ECTS": "5,00",
			"Instructor": "Prof.Dr. ALİ FUAT ALKAYA",
            "Capacity": "55",
			"Semester": "Fall"
        },
        {
            "Course Code": "CSE4217",
            "Course Name": "Microprocessors",
            "Type": "TE",
            "T": "3",
            "U": "0",
            "Credit": "5,00",
            "ECTS": "5,00",
			"Instructor": "",
            "Capacity": "0",
			"Semester":""
        },
        {
            "Course Code": "CSE4093",
            "Course Name": "Special Topics in Computer Engineering I",
            "Type": "TE",
            "T": "3",
            "U": "0",
            "Credit": "5,00",
            "ECTS": "5,00",
			"Instructor": "",
            "Capacity": "0",
			"Semester":""
        },
        {
            "Course Code": "CSE4094",
            "Course Name": "Special Topics in Computer Engineering II",
            "Type": "TE",
            "T": "3",
            "U": "0",
            "Credit": "5,00",
            "ECTS": "5,00",
			"Instructor": "Dr. Öğr. Üyesi FATMA CORUT ERGİN",
            "Capacity": "35",
			"Semester": "Fall"
        },
        {
            "Course Code": "CSE4095",
            "Course Name": "Special Topics in Computer Engineering III",
            "Type": "TE",
            "T": "3",
            "U": "0",
            "Credit": "5,00",
            "ECTS": "5,00",
			"Instructor": "Doç.Dr. MURAT CAN GANİZ",
            "Capacity": "40",
			"Semester": "Spring"
			
        },
        {
            "Course Code": "CSE4096",
            "Course Name": "Special Topics in Computer Engineering IV",
            "Type": "TE",
            "T": "3",
            "U": "0",
            "Credit": "5,00",
            "ECTS": "5,00",
			"Instructor": "",
            "Capacity": "0",
			"Semester":""
        }
    ]
}