[
	{
		"MATH2055": [
			
			{
				"courseCode": "MATH1001"
			}
		]
	},
	
	
	{
		"CSE3048": [
			{
				"courseCode": "MATH2055"
			}
		]
	},
	
	
	{
		"MATH2059": [
			{
				"courseCode": "MATH1001"
			}
		]
	},
	
	{
		"CSE4298": [
			{
				"courseCode": "CSE4297"
			}
		]
	},
	
	{
		"CSE4075": [
			{
				"courseCode": "CSE4074"
			}
		]
	},
	
	{
		"CSE2225": [
			{
				"courseCode": "CSE1242"
			}
		]
	},
	
	{
		"CSE2246": [
			{
				"courseCode": "CSE2225"
			}
		]
	},
	
	{
		"CSE3055": [
			{
				"courseCode": "CSE2225"
			}
		]
	},
	
	{
		"CSE3044": [
			{
				"courseCode": "CSE3055"
			}
		]
	},
	
	{
		"CSE1242": [
			{
				"courseCode": "CSE1241"
			}
		]
	},
	
	{
		"CSE3033": [
			{
				"courseCode": "CSE2225"
			}
		]
	},
	
	{
		"CSE4034": [
			{
				"courseCode": "CSE3033"
			}
		]
	},
	
	{
		"EE2031": [
			{
				"courseCode": "PHYS1102"
			}
		]
	},
	
	{
		"EE2032": [
			{
				"courseCode": "EE2031"
			}
		]
	},
	
	{
		"CSE3063": [
			{
				"courseCode": "CSE1242"
			}
		]
	},
	
	{
		"CSE3264": [
			{
				"courseCode": "CSE2023"
				
			}
		]
	},
	
	{
		"CSE4061": [
			{
				"courseCode": "CSE3264"
			}
		]
	},
	
	{
		"CSE3038": [
			{
				"courseCode": "CSE3215"
			},
		
			{
				"courseCode": "CSE2138"
			}
		]
		
	},

	{
		"CSE4219": [
			{
				"courseCode": "CSE3038"
			}
		]
	},
	
	{
		"IE3081": [
			{
				"courseCode": "STAT2253"
			}
		]
	},
	
	{
		"IE3235": [
			{
				"courseCode": "MATH2256"
			}
		]
	}
 ]
	
	