[
  {
    "index": 0,
    "name": "Thornton",
    "surname": "Gordon",
    "email": [
      "thorntongordon@orbin.com",
      "gwendolyncantu@multron.com"
    ]
  },
  {
    "index": 1,
    "name": "Moon",
    "surname": "Small",
    "email": [
      "moonsmall@multron.com",
      "phyllisgreen@everest.com"
    ]
  },
  {
    "index": 2,
    "name": "Buckley",
    "surname": "Mayo",
    "email": [
      "buckleymayo@everest.com",
      "grahamphillips@sulfax.com"
    ]
  },
  {
    "index": 3,
    "name": "Richards",
    "surname": "Ashley",
    "email": [
      "richardsashley@sulfax.com",
      "julietdecker@talae.com"
    ]
  },
  {
    "index": 4,
    "name": "Osborn",
    "surname": "Dickson",
    "email": [
      "osborndickson@talae.com",
      "darlenewade@affluex.com"
    ]
  },
  {
    "index": 5,
    "name": "Tanner",
    "surname": "Mccall",
    "email": [
      "tannermccall@affluex.com",
      "elainepatel@oatfarm.com"
    ]
  },
  {
    "index": 6,
    "name": "Carey",
    "surname": "Wilder",
    "email": [
      "careywilder@oatfarm.com",
      "adelinegregory@norsup.com"
    ]
  },
  {
    "index": 7,
    "name": "Gladys",
    "surname": "Bridges",
    "email": [
      "gladysbridges@norsup.com",
      "crystalatkinson@aquazure.com"
    ]
  },
  {
    "index": 8,
    "name": "Cole",
    "surname": "Savage",
    "email": [
      "colesavage@aquazure.com",
      "josephineclay@helixo.com"
    ]
  },
  {
    "index": 9,
    "name": "Morrison",
    "surname": "Mercer",
    "email": [
      "morrisonmercer@helixo.com",
      "hubbardfuentes@geekol.com"
    ]
  },
  {
    "index": 10,
    "name": "Salas",
    "surname": "Hooper",
    "email": [
      "salashooper@geekol.com",
      "alexishenderson@buzzopia.com"
    ]
  },
  {
    "index": 11,
    "name": "Janie",
    "surname": "Ball",
    "email": [
      "janieball@buzzopia.com",
      "searsgillespie@zinca.com"
    ]
  },
  {
    "index": 12,
    "name": "Opal",
    "surname": "Rivers",
    "email": [
      "opalrivers@zinca.com",
      "burtmurray@kangle.com"
    ]
  },
  {
    "index": 13,
    "name": "Ola",
    "surname": "Sharpe",
    "email": [
      "olasharpe@kangle.com",
      "lorenebruce@ewaves.com"
    ]
  },
  {
    "index": 14,
    "name": "Brennan",
    "surname": "Love",
    "email": [
      "brennanlove@ewaves.com",
      "loraineowen@datagen.com"
    ]
  },
  {
    "index": 15,
    "name": "Jeanette",
    "surname": "Dillard",
    "email": [
      "jeanettedillard@datagen.com",
      "chandrafreeman@protodyne.com"
    ]
  },
  {
    "index": 16,
    "name": "Herring",
    "surname": "Guzman",
    "email": [
      "herringguzman@protodyne.com",
      "julialeblanc@voratak.com"
    ]
  },
  {
    "index": 17,
    "name": "Elsa",
    "surname": "Clark",
    "email": [
      "elsaclark@voratak.com",
      "nikkihouse@spacewax.com"
    ]
  },
  {
    "index": 18,
    "name": "Melva",
    "surname": "Obrien",
    "email": [
      "melvaobrien@spacewax.com",
      "lakishakoch@gonkle.com"
    ]
  },
  {
    "index": 19,
    "name": "James",
    "surname": "Shields",
    "email": [
      "jamesshields@gonkle.com",
      "bullockglass@waterbaby.com"
    ]
  },
  {
    "index": 20,
    "name": "Pierce",
    "surname": "Craft",
    "email": [
      "piercecraft@waterbaby.com",
      "rosalesmoses@quotezart.com"
    ]
  },
  {
    "index": 21,
    "name": "Tania",
    "surname": "Kelly",
    "email": [
      "taniakelly@quotezart.com",
      "anitamoody@stockpost.com"
    ]
  },
  {
    "index": 22,
    "name": "Deanne",
    "surname": "Johnson",
    "email": [
      "deannejohnson@stockpost.com",
      "gaylemolina@empirica.com"
    ]
  },
  {
    "index": 23,
    "name": "Jeannette",
    "surname": "Matthews",
    "email": [
      "jeannettematthews@empirica.com",
      "shawnhernandez@eclipsent.com"
    ]
  },
  {
    "index": 24,
    "name": "Flowers",
    "surname": "Hull",
    "email": [
      "flowershull@eclipsent.com",
      "ednasolomon@sentia.com"
    ]
  },
  {
    "index": 25,
    "name": "Beasley",
    "surname": "Beasley",
    "email": [
      "beasleybeasley@sentia.com",
      "albalancaster@orbalix.com"
    ]
  },
  {
    "index": 26,
    "name": "Dominique",
    "surname": "Hurley",
    "email": [
      "dominiquehurley@orbalix.com",
      "maysrodriquez@combot.com"
    ]
  },
  {
    "index": 27,
    "name": "Janet",
    "surname": "Jordan",
    "email": [
      "janetjordan@combot.com",
      "isabellenorris@photobin.com"
    ]
  },
  {
    "index": 28,
    "name": "Georgette",
    "surname": "Mcintyre",
    "email": [
      "georgettemcintyre@photobin.com",
      "valerieburke@chorizon.com"
    ]
  },
  {
    "index": 29,
    "name": "Violet",
    "surname": "Barnes",
    "email": [
      "violetbarnes@chorizon.com",
      "laurabarry@matrixity.com"
    ]
  },
  {
    "index": 30,
    "name": "Hawkins",
    "surname": "Hinton",
    "email": [
      "hawkinshinton@matrixity.com",
      "bettiemendoza@manglo.com"
    ]
  },
  {
    "index": 31,
    "name": "Aileen",
    "surname": "Harding",
    "email": [
      "aileenharding@manglo.com",
      "tanyadawson@navir.com"
    ]
  },
  {
    "index": 32,
    "name": "Jeri",
    "surname": "Erickson",
    "email": [
      "jerierickson@navir.com",
      "noblevaughan@canopoly.com"
    ]
  },
  {
    "index": 33,
    "name": "Baldwin",
    "surname": "Nelson",
    "email": [
      "baldwinnelson@canopoly.com",
      "bradshawslater@colaire.com"
    ]
  },
  {
    "index": 34,
    "name": "Deidre",
    "surname": "Burgess",
    "email": [
      "deidreburgess@colaire.com",
      "heidiarmstrong@hinway.com"
    ]
  },
  {
    "index": 35,
    "name": "Mercedes",
    "surname": "Neal",
    "email": [
      "mercedesneal@hinway.com",
      "abbottstanton@orbixtar.com"
    ]
  },
  {
    "index": 36,
    "name": "Mcintosh",
    "surname": "George",
    "email": [
      "mcintoshgeorge@orbixtar.com",
      "banksstrickland@zilphur.com"
    ]
  },
  {
    "index": 37,
    "name": "Merritt",
    "surname": "Battle",
    "email": [
      "merrittbattle@zilphur.com",
      "rosannacontreras@inrt.com"
    ]
  },
  {
    "index": 38,
    "name": "Lisa",
    "surname": "Vega",
    "email": [
      "lisavega@inrt.com",
      "kellergolden@hyplex.com"
    ]
  },
  {
    "index": 39,
    "name": "Carole",
    "surname": "Brady",
    "email": [
      "carolebrady@hyplex.com",
      "tararios@solgan.com"
    ]
  },
  {
    "index": 40,
    "name": "Owen",
    "surname": "Chan",
    "email": [
      "owenchan@solgan.com",
      "wongfulton@talendula.com"
    ]
  },
  {
    "index": 41,
    "name": "Janette",
    "surname": "Knapp",
    "email": [
      "janetteknapp@talendula.com",
      "martinawhitley@nurplex.com"
    ]
  },
  {
    "index": 42,
    "name": "Lynne",
    "surname": "Garcia",
    "email": [
      "lynnegarcia@nurplex.com",
      "melendezirwin@nitracyr.com"
    ]
  },
  {
    "index": 43,
    "name": "Jenkins",
    "surname": "Carpenter",
    "email": [
      "jenkinscarpenter@nitracyr.com",
      "kingalston@exiand.com"
    ]
  },
  {
    "index": 44,
    "name": "Lilian",
    "surname": "Tate",
    "email": [
      "liliantate@exiand.com",
      "mccraycarroll@ludak.com"
    ]
  },
  {
    "index": 45,
    "name": "Larsen",
    "surname": "Marsh",
    "email": [
      "larsenmarsh@ludak.com",
      "auroraalvarez@nspire.com"
    ]
  },
  {
    "index": 46,
    "name": "Guerra",
    "surname": "Morgan",
    "email": [
      "guerramorgan@nspire.com",
      "stellarosales@rodeocean.com"
    ]
  },
  {
    "index": 47,
    "name": "Alice",
    "surname": "Jefferson",
    "email": [
      "alicejefferson@rodeocean.com",
      "terryjacobs@orbiflex.com"
    ]
  },
  {
    "index": 48,
    "name": "Mercado",
    "surname": "Haley",
    "email": [
      "mercadohaley@orbiflex.com",
      "kaseybanks@sealoud.com"
    ]
  },
  {
    "index": 49,
    "name": "Toni",
    "surname": "Whitehead",
    "email": [
      "toniwhitehead@sealoud.com",
      "pruittmcgee@assistia.com"
    ]
  },
  {
    "index": 50,
    "name": "Roberts",
    "surname": "Wyatt",
    "email": [
      "robertswyatt@assistia.com",
      "jacklynochoa@cognicode.com"
    ]
  },
  {
    "index": 51,
    "name": "Laurie",
    "surname": "Cortez",
    "email": [
      "lauriecortez@cognicode.com",
      "ramosrowe@waretel.com"
    ]
  },
  {
    "index": 52,
    "name": "Barry",
    "surname": "Sykes",
    "email": [
      "barrysykes@waretel.com",
      "dellagibbs@isotrack.com"
    ]
  },
  {
    "index": 53,
    "name": "Marcella",
    "surname": "Palmer",
    "email": [
      "marcellapalmer@isotrack.com",
      "lambertdudley@centregy.com"
    ]
  },
  {
    "index": 54,
    "name": "Nash",
    "surname": "Jackson",
    "email": [
      "nashjackson@centregy.com",
      "duncansanders@zytrac.com"
    ]
  },
  {
    "index": 55,
    "name": "Vera",
    "surname": "Mcgowan",
    "email": [
      "veramcgowan@zytrac.com",
      "mccormickmcleod@zaphire.com"
    ]
  },
  {
    "index": 56,
    "name": "Bobbie",
    "surname": "Zimmerman",
    "email": [
      "bobbiezimmerman@zaphire.com",
      "lenorerivas@manufact.com"
    ]
  },
  {
    "index": 57,
    "name": "Georgia",
    "surname": "Romero",
    "email": [
      "georgiaromero@manufact.com",
      "huntruiz@interodeo.com"
    ]
  },
  {
    "index": 58,
    "name": "Johns",
    "surname": "Gallagher",
    "email": [
      "johnsgallagher@interodeo.com",
      "elizagardner@firewax.com"
    ]
  },
  {
    "index": 59,
    "name": "Louisa",
    "surname": "Summers",
    "email": [
      "louisasummers@firewax.com",
      "halebender@sarasonic.com"
    ]
  },
  {
    "index": 60,
    "name": "Therese",
    "surname": "Anderson",
    "email": [
      "thereseanderson@sarasonic.com",
      "claudineknight@dogtown.com"
    ]
  },
  {
    "index": 61,
    "name": "Avila",
    "surname": "Santos",
    "email": [
      "avilasantos@dogtown.com",
      "hopperbecker@geeky.com"
    ]
  },
  {
    "index": 62,
    "name": "Eula",
    "surname": "Marks",
    "email": [
      "eulamarks@geeky.com",
      "shannonmcpherson@escenta.com"
    ]
  },
  {
    "index": 63,
    "name": "Oneal",
    "surname": "English",
    "email": [
      "onealenglish@escenta.com",
      "steinfrank@accusage.com"
    ]
  },
  {
    "index": 64,
    "name": "Mcneil",
    "surname": "Berry",
    "email": [
      "mcneilberry@accusage.com",
      "baxtermcneil@pawnagra.com"
    ]
  },
  {
    "index": 65,
    "name": "Munoz",
    "surname": "Boone",
    "email": [
      "munozboone@pawnagra.com",
      "melodybarrett@mazuda.com"
    ]
  },
  {
    "index": 66,
    "name": "Huffman",
    "surname": "Calderon",
    "email": [
      "huffmancalderon@mazuda.com",
      "monroebond@exozent.com"
    ]
  },
  {
    "index": 67,
    "name": "Bernard",
    "surname": "Chaney",
    "email": [
      "bernardchaney@exozent.com",
      "nanniepruitt@eweville.com"
    ]
  },
  {
    "index": 68,
    "name": "Booker",
    "surname": "Duffy",
    "email": [
      "bookerduffy@eweville.com",
      "jameskramer@locazone.com"
    ]
  },
  {
    "index": 69,
    "name": "Sawyer",
    "surname": "Serrano",
    "email": [
      "sawyerserrano@locazone.com",
      "deniseholmes@klugger.com"
    ]
  },
  {
    "index": 70,
    "name": "Leona",
    "surname": "Gaines",
    "email": [
      "leonagaines@klugger.com",
      "concepciondale@trasola.com"
    ]
  },
  {
    "index": 71,
    "name": "Daniel",
    "surname": "Mitchell",
    "email": [
      "danielmitchell@trasola.com",
      "kimcochran@songlines.com"
    ]
  },
  {
    "index": 72,
    "name": "Schmidt",
    "surname": "Hodge",
    "email": [
      "schmidthodge@songlines.com",
      "luciamccarty@geekola.com"
    ]
  },
  {
    "index": 73,
    "name": "Clemons",
    "surname": "Hewitt",
    "email": [
      "clemonshewitt@geekola.com",
      "marionhartman@netplode.com"
    ]
  },
  {
    "index": 74,
    "name": "Maura",
    "surname": "Clements",
    "email": [
      "mauraclements@netplode.com",
      "ritaweeks@teraprene.com"
    ]
  },
  {
    "index": 75,
    "name": "Ellen",
    "surname": "Hendrix",
    "email": [
      "ellenhendrix@teraprene.com",
      "paigehowell@zyple.com"
    ]
  },
  {
    "index": 76,
    "name": "Gina",
    "surname": "Gilbert",
    "email": [
      "ginagilbert@zyple.com",
      "stronggriffith@conferia.com"
    ]
  },
  {
    "index": 77,
    "name": "Perry",
    "surname": "Langley",
    "email": [
      "perrylangley@conferia.com",
      "rutledgeolsen@tsunamia.com"
    ]
  },
  {
    "index": 78,
    "name": "Latonya",
    "surname": "Knowles",
    "email": [
      "latonyaknowles@tsunamia.com",
      "mabelforbes@harmoney.com"
    ]
  },
  {
    "index": 79,
    "name": "Helene",
    "surname": "Stevenson",
    "email": [
      "helenestevenson@harmoney.com",
      "marilynreynolds@reversus.com"
    ]
  },
  {
    "index": 80,
    "name": "Kirby",
    "surname": "Cantrell",
    "email": [
      "kirbycantrell@reversus.com",
      "peggyhughes@zorromop.com"
    ]
  },
  {
    "index": 81,
    "name": "Rachelle",
    "surname": "Rose",
    "email": [
      "rachellerose@zorromop.com",
      "pansyware@ziggles.com"
    ]
  },
  {
    "index": 82,
    "name": "Ayers",
    "surname": "Hansen",
    "email": [
      "ayershansen@ziggles.com",
      "changclarke@otherside.com"
    ]
  },
  {
    "index": 83,
    "name": "Bowman",
    "surname": "Mendez",
    "email": [
      "bowmanmendez@otherside.com",
      "brookshogan@isbol.com"
    ]
  },
  {
    "index": 84,
    "name": "Joyce",
    "surname": "Acevedo",
    "email": [
      "joyceacevedo@isbol.com",
      "holcombglenn@zoinage.com"
    ]
  },
  {
    "index": 85,
    "name": "Lily",
    "surname": "Noble",
    "email": [
      "lilynoble@zoinage.com",
      "cheriecombs@geekfarm.com"
    ]
  },
  {
    "index": 86,
    "name": "Norton",
    "surname": "Bonner",
    "email": [
      "nortonbonner@geekfarm.com",
      "webbbyers@freakin.com"
    ]
  },
  {
    "index": 87,
    "name": "Kayla",
    "surname": "Kaufman",
    "email": [
      "kaylakaufman@freakin.com",
      "matthewsperez@qualitex.com"
    ]
  },
  {
    "index": 88,
    "name": "Santiago",
    "surname": "Hudson",
    "email": [
      "santiagohudson@qualitex.com",
      "hickmanbarron@retrack.com"
    ]
  },
  {
    "index": 89,
    "name": "Wall",
    "surname": "Estes",
    "email": [
      "wallestes@retrack.com",
      "ernestinecarney@cubicide.com"
    ]
  },
  {
    "index": 90,
    "name": "Cruz",
    "surname": "Valentine",
    "email": [
      "cruzvalentine@cubicide.com",
      "elliottfrederick@exoteric.com"
    ]
  },
  {
    "index": 91,
    "name": "Kane",
    "surname": "Kinney",
    "email": [
      "kanekinney@exoteric.com",
      "claudettedotson@portaline.com"
    ]
  },
  {
    "index": 92,
    "name": "Tasha",
    "surname": "Lowe",
    "email": [
      "tashalowe@portaline.com",
      "chambersreese@snowpoke.com"
    ]
  },
  {
    "index": 93,
    "name": "Beard",
    "surname": "Padilla",
    "email": [
      "beardpadilla@snowpoke.com",
      "melisalogan@kindaloo.com"
    ]
  },
  {
    "index": 94,
    "name": "Hillary",
    "surname": "Wallace",
    "email": [
      "hillarywallace@kindaloo.com",
      "lambmunoz@aquafire.com"
    ]
  },
  {
    "index": 95,
    "name": "Kari",
    "surname": "Velez",
    "email": [
      "karivelez@aquafire.com",
      "waltersfields@makingway.com"
    ]
  },
  {
    "index": 96,
    "name": "Lindsey",
    "surname": "Good",
    "email": [
      "lindseygood@makingway.com",
      "ofeliapeterson@magneato.com"
    ]
  },
  {
    "index": 97,
    "name": "Chrystal",
    "surname": "Walsh",
    "email": [
      "chrystalwalsh@magneato.com",
      "luisabartlett@xleen.com"
    ]
  },
  {
    "index": 98,
    "name": "Murray",
    "surname": "Harrison",
    "email": [
      "murrayharrison@xleen.com",
      "kellyferguson@verbus.com"
    ]
  },
  {
    "index": 99,
    "name": "Conley",
    "surname": "Levy",
    "email": [
      "conleylevy@verbus.com",
      "roblesgamble@biospan.com"
    ]
  },
  {
    "index": 100,
    "name": "Juliette",
    "surname": "Huff",
    "email": [
      "juliettehuff@biospan.com",
      "jimenezpate@thredz.com"
    ]
  },
  {
    "index": 101,
    "name": "Hester",
    "surname": "Floyd",
    "email": [
      "hesterfloyd@thredz.com",
      "hermanhobbs@quilch.com"
    ]
  },
  {
    "index": 102,
    "name": "Hatfield",
    "surname": "Whitaker",
    "email": [
      "hatfieldwhitaker@quilch.com",
      "hendersonspears@nexgene.com"
    ]
  },
  {
    "index": 103,
    "name": "Rios",
    "surname": "Hopkins",
    "email": [
      "rioshopkins@nexgene.com",
      "blakesellers@octocore.com"
    ]
  },
  {
    "index": 104,
    "name": "Best",
    "surname": "Pearson",
    "email": [
      "bestpearson@octocore.com",
      "byerscohen@lotron.com"
    ]
  },
  {
    "index": 105,
    "name": "Sondra",
    "surname": "Webster",
    "email": [
      "sondrawebster@lotron.com",
      "jenningschurch@elpro.com"
    ]
  },
  {
    "index": 106,
    "name": "Knowles",
    "surname": "Pace",
    "email": [
      "knowlespace@elpro.com",
      "whitehawkins@realmo.com"
    ]
  },
  {
    "index": 107,
    "name": "Hardin",
    "surname": "Foster",
    "email": [
      "hardinfoster@realmo.com",
      "patriciaherring@peticular.com"
    ]
  },
  {
    "index": 108,
    "name": "Sykes",
    "surname": "Marquez",
    "email": [
      "sykesmarquez@peticular.com",
      "marinahebert@conjurica.com"
    ]
  },
  {
    "index": 109,
    "name": "Long",
    "surname": "Browning",
    "email": [
      "longbrowning@conjurica.com",
      "maxwellbaxter@brainclip.com"
    ]
  },
  {
    "index": 110,
    "name": "Eddie",
    "surname": "Mason",
    "email": [
      "eddiemason@brainclip.com",
      "lynchrichardson@exospace.com"
    ]
  },
  {
    "index": 111,
    "name": "Francine",
    "surname": "Melton",
    "email": [
      "francinemelton@exospace.com",
      "janisosborn@cosmosis.com"
    ]
  },
  {
    "index": 112,
    "name": "Angela",
    "surname": "Robertson",
    "email": [
      "angelarobertson@cosmosis.com",
      "rosalindblair@bleeko.com"
    ]
  },
  {
    "index": 113,
    "name": "Janna",
    "surname": "Wiley",
    "email": [
      "jannawiley@bleeko.com",
      "petraespinoza@rockabye.com"
    ]
  },
  {
    "index": 114,
    "name": "Brigitte",
    "surname": "Mcdaniel",
    "email": [
      "brigittemcdaniel@rockabye.com",
      "neallewis@earthwax.com"
    ]
  },
  {
    "index": 115,
    "name": "Dena",
    "surname": "Mccoy",
    "email": [
      "denamccoy@earthwax.com",
      "lunaoneal@genekom.com"
    ]
  },
  {
    "index": 116,
    "name": "Patrica",
    "surname": "Garner",
    "email": [
      "patricagarner@genekom.com",
      "camilleking@vendblend.com"
    ]
  },
  {
    "index": 117,
    "name": "Bray",
    "surname": "Stafford",
    "email": [
      "braystafford@vendblend.com",
      "adelajimenez@supportal.com"
    ]
  },
  {
    "index": 118,
    "name": "Emilia",
    "surname": "Lopez",
    "email": [
      "emilialopez@supportal.com",
      "underwoodblevins@goko.com"
    ]
  },
  {
    "index": 119,
    "name": "Dawn",
    "surname": "Martin",
    "email": [
      "dawnmartin@goko.com",
      "dyeranthony@entality.com"
    ]
  },
  {
    "index": 120,
    "name": "Mcconnell",
    "surname": "Fuller",
    "email": [
      "mcconnellfuller@entality.com",
      "cherrycarrillo@tubalum.com"
    ]
  },
  {
    "index": 121,
    "name": "Mcbride",
    "surname": "Payne",
    "email": [
      "mcbridepayne@tubalum.com",
      "sosahardin@fangold.com"
    ]
  },
  {
    "index": 122,
    "name": "Howe",
    "surname": "Mcintosh",
    "email": [
      "howemcintosh@fangold.com",
      "mosleyhill@comcubine.com"
    ]
  },
  {
    "index": 123,
    "name": "Morse",
    "surname": "Hyde",
    "email": [
      "morsehyde@comcubine.com",
      "aguilarwolfe@vertide.com"
    ]
  },
  {
    "index": 124,
    "name": "Carolyn",
    "surname": "Finley",
    "email": [
      "carolynfinley@vertide.com",
      "bonniechavez@exposa.com"
    ]
  },
  {
    "index": 125,
    "name": "Vickie",
    "surname": "Petersen",
    "email": [
      "vickiepetersen@exposa.com",
      "annehood@slumberia.com"
    ]
  },
  {
    "index": 126,
    "name": "Paulette",
    "surname": "Todd",
    "email": [
      "paulettetodd@slumberia.com",
      "hewitthurst@skybold.com"
    ]
  },
  {
    "index": 127,
    "name": "Thompson",
    "surname": "Richard",
    "email": [
      "thompsonrichard@skybold.com",
      "melissajacobson@comtract.com"
    ]
  },
  {
    "index": 128,
    "name": "Giles",
    "surname": "Coffey",
    "email": [
      "gilescoffey@comtract.com",
      "fitzgeraldguthrie@slofast.com"
    ]
  },
  {
    "index": 129,
    "name": "Marie",
    "surname": "Manning",
    "email": [
      "mariemanning@slofast.com",
      "lottnichols@futuris.com"
    ]
  },
  {
    "index": 130,
    "name": "Marquita",
    "surname": "Sanchez",
    "email": [
      "marquitasanchez@futuris.com",
      "peckschroeder@zounds.com"
    ]
  },
  {
    "index": 131,
    "name": "Candace",
    "surname": "Allen",
    "email": [
      "candaceallen@zounds.com",
      "myrtlechapman@isologica.com"
    ]
  },
  {
    "index": 132,
    "name": "Mason",
    "surname": "Lawrence",
    "email": [
      "masonlawrence@isologica.com",
      "guzmanbeard@namebox.com"
    ]
  },
  {
    "index": 133,
    "name": "Nieves",
    "surname": "Mcfadden",
    "email": [
      "nievesmcfadden@namebox.com",
      "trantillman@endipin.com"
    ]
  },
  {
    "index": 134,
    "name": "Karina",
    "surname": "Reeves",
    "email": [
      "karinareeves@endipin.com",
      "williamsloan@rugstars.com"
    ]
  },
  {
    "index": 135,
    "name": "Wilder",
    "surname": "Horn",
    "email": [
      "wilderhorn@rugstars.com",
      "parkerramos@dragbot.com"
    ]
  },
  {
    "index": 136,
    "name": "Hall",
    "surname": "Odom",
    "email": [
      "hallodom@dragbot.com",
      "carolinacallahan@dymi.com"
    ]
  },
  {
    "index": 137,
    "name": "Bruce",
    "surname": "Oneill",
    "email": [
      "bruceoneill@dymi.com",
      "patrickphelps@codax.com"
    ]
  },
  {
    "index": 138,
    "name": "Velazquez",
    "surname": "Bolton",
    "email": [
      "velazquezbolton@codax.com",
      "rollinsblackwell@calcula.com"
    ]
  },
  {
    "index": 139,
    "name": "Crane",
    "surname": "Pollard",
    "email": [
      "cranepollard@calcula.com",
      "benjaminhubbard@zerbina.com"
    ]
  },
  {
    "index": 140,
    "name": "Gutierrez",
    "surname": "Faulkner",
    "email": [
      "gutierrezfaulkner@zerbina.com",
      "vasquezmaddox@plasmox.com"
    ]
  },
  {
    "index": 141,
    "name": "Catalina",
    "surname": "Whitfield",
    "email": [
      "catalinawhitfield@plasmox.com",
      "soniahester@pearlesex.com"
    ]
  },
  {
    "index": 142,
    "name": "Hazel",
    "surname": "Knox",
    "email": [
      "hazelknox@pearlesex.com",
      "anastasiablackburn@zillanet.com"
    ]
  },
  {
    "index": 143,
    "name": "Rocha",
    "surname": "Booth",
    "email": [
      "rochabooth@zillanet.com",
      "lulaburt@tubesys.com"
    ]
  },
  {
    "index": 144,
    "name": "Jody",
    "surname": "Powell",
    "email": [
      "jodypowell@tubesys.com",
      "wendimcclure@isostream.com"
    ]
  },
  {
    "index": 145,
    "name": "Margret",
    "surname": "Houston",
    "email": [
      "margrethouston@isostream.com",
      "cathleenreid@sureplex.com"
    ]
  },
  {
    "index": 146,
    "name": "Middleton",
    "surname": "Shepherd",
    "email": [
      "middletonshepherd@sureplex.com",
      "blairkennedy@ozean.com"
    ]
  },
  {
    "index": 147,
    "name": "Kristen",
    "surname": "Norman",
    "email": [
      "kristennorman@ozean.com",
      "nanettemckay@lovepad.com"
    ]
  },
  {
    "index": 148,
    "name": "Beth",
    "surname": "Wilson",
    "email": [
      "bethwilson@lovepad.com",
      "robertakidd@remotion.com"
    ]
  },
  {
    "index": 149,
    "name": "Cherry",
    "surname": "Blanchard",
    "email": [
      "cherryblanchard@remotion.com",
      "arleneburnett@avit.com"
    ]
  },
  {
    "index": 150,
    "name": "Browning",
    "surname": "Cotton",
    "email": [
      "browningcotton@avit.com",
      "rosemarieholloway@puria.com"
    ]
  },
  {
    "index": 151,
    "name": "Gross",
    "surname": "Hicks",
    "email": [
      "grosshicks@puria.com",
      "prattmaxwell@cablam.com"
    ]
  },
  {
    "index": 152,
    "name": "Imogene",
    "surname": "Delaney",
    "email": [
      "imogenedelaney@cablam.com",
      "elinorramsey@furnitech.com"
    ]
  },
  {
    "index": 153,
    "name": "Warner",
    "surname": "Fry",
    "email": [
      "warnerfry@furnitech.com",
      "norafitzpatrick@zoxy.com"
    ]
  },
  {
    "index": 154,
    "name": "Natalie",
    "surname": "Castillo",
    "email": [
      "nataliecastillo@zoxy.com",
      "carvermercado@springbee.com"
    ]
  },
  {
    "index": 155,
    "name": "Mullins",
    "surname": "Hunt",
    "email": [
      "mullinshunt@springbee.com",
      "willacampbell@comtest.com"
    ]
  },
  {
    "index": 156,
    "name": "Stephanie",
    "surname": "Albert",
    "email": [
      "stephaniealbert@comtest.com",
      "kendrasalas@filodyne.com"
    ]
  },
  {
    "index": 157,
    "name": "Jenna",
    "surname": "Carter",
    "email": [
      "jennacarter@filodyne.com",
      "welchforeman@aquoavo.com"
    ]
  },
  {
    "index": 158,
    "name": "Esmeralda",
    "surname": "Roach",
    "email": [
      "esmeraldaroach@aquoavo.com",
      "rosesexton@powernet.com"
    ]
  },
  {
    "index": 159,
    "name": "Weiss",
    "surname": "Rogers",
    "email": [
      "weissrogers@powernet.com",
      "mallorydalton@sultrax.com"
    ]
  },
  {
    "index": 160,
    "name": "Francisca",
    "surname": "Vazquez",
    "email": [
      "franciscavazquez@sultrax.com",
      "selenalee@glasstep.com"
    ]
  },
  {
    "index": 161,
    "name": "Kelley",
    "surname": "Pittman",
    "email": [
      "kelleypittman@glasstep.com",
      "madelynpreston@earbang.com"
    ]
  },
  {
    "index": 162,
    "name": "Thomas",
    "surname": "Wells",
    "email": [
      "thomaswells@earbang.com",
      "taylorharper@coriander.com"
    ]
  },
  {
    "index": 163,
    "name": "Aisha",
    "surname": "Coleman",
    "email": [
      "aishacoleman@coriander.com",
      "workmanjustice@parcoe.com"
    ]
  },
  {
    "index": 164,
    "name": "Nielsen",
    "surname": "Raymond",
    "email": [
      "nielsenraymond@parcoe.com",
      "haneylindsay@kidgrease.com"
    ]
  },
  {
    "index": 165,
    "name": "Lana",
    "surname": "Ray",
    "email": [
      "lanaray@kidgrease.com",
      "lindamcfarland@combogene.com"
    ]
  },
  {
    "index": 166,
    "name": "Luz",
    "surname": "Vance",
    "email": [
      "luzvance@combogene.com",
      "alyssagarrett@entogrok.com"
    ]
  },
  {
    "index": 167,
    "name": "Mitchell",
    "surname": "Medina",
    "email": [
      "mitchellmedina@entogrok.com",
      "amiemorales@telepark.com"
    ]
  },
  {
    "index": 168,
    "name": "Petty",
    "surname": "Gonzales",
    "email": [
      "pettygonzales@telepark.com",
      "whitakerdunlap@paprikut.com"
    ]
  },
  {
    "index": 169,
    "name": "Maryellen",
    "surname": "Richards",
    "email": [
      "maryellenrichards@paprikut.com",
      "marlenehampton@comtrail.com"
    ]
  },
  {
    "index": 170,
    "name": "Olsen",
    "surname": "Nash",
    "email": [
      "olsennash@comtrail.com",
      "hendrickscamacho@soprano.com"
    ]
  },
  {
    "index": 171,
    "name": "Lizzie",
    "surname": "Nixon",
    "email": [
      "lizzienixon@soprano.com",
      "ashleygill@accruex.com"
    ]
  },
  {
    "index": 172,
    "name": "Fran",
    "surname": "Tran",
    "email": [
      "frantran@accruex.com",
      "chaneyrasmussen@quilm.com"
    ]
  },
  {
    "index": 173,
    "name": "Higgins",
    "surname": "Morrison",
    "email": [
      "higginsmorrison@quilm.com",
      "ewingramirez@ramjob.com"
    ]
  },
  {
    "index": 174,
    "name": "Doyle",
    "surname": "Santiago",
    "email": [
      "doylesantiago@ramjob.com",
      "carsonbeck@zanity.com"
    ]
  },
  {
    "index": 175,
    "name": "Ray",
    "surname": "Bowers",
    "email": [
      "raybowers@zanity.com",
      "shirleyallison@zentia.com"
    ]
  },
  {
    "index": 176,
    "name": "May",
    "surname": "Prince",
    "email": [
      "mayprince@zentia.com",
      "lottiefigueroa@egypto.com"
    ]
  },
  {
    "index": 177,
    "name": "Robertson",
    "surname": "Acosta",
    "email": [
      "robertsonacosta@egypto.com",
      "montgomerycherry@scenty.com"
    ]
  },
  {
    "index": 178,
    "name": "Joan",
    "surname": "Quinn",
    "email": [
      "joanquinn@scenty.com",
      "loganhodges@exoplode.com"
    ]
  },
  {
    "index": 179,
    "name": "Aguirre",
    "surname": "Paul",
    "email": [
      "aguirrepaul@exoplode.com",
      "adrianstein@arctiq.com"
    ]
  },
  {
    "index": 180,
    "name": "Rene",
    "surname": "Wise",
    "email": [
      "renewise@arctiq.com",
      "celinalott@newcube.com"
    ]
  },
  {
    "index": 181,
    "name": "Pamela",
    "surname": "Harmon",
    "email": [
      "pamelaharmon@newcube.com",
      "hodgesgreer@frosnex.com"
    ]
  },
  {
    "index": 182,
    "name": "Velasquez",
    "surname": "Bishop",
    "email": [
      "velasquezbishop@frosnex.com",
      "marisavincent@zoid.com"
    ]
  },
  {
    "index": 183,
    "name": "Ivy",
    "surname": "Rivera",
    "email": [
      "ivyrivera@zoid.com",
      "townsendroth@pyramax.com"
    ]
  },
  {
    "index": 184,
    "name": "Burns",
    "surname": "Riggs",
    "email": [
      "burnsriggs@pyramax.com",
      "paulrojas@exerta.com"
    ]
  },
  {
    "index": 185,
    "name": "Meagan",
    "surname": "Poole",
    "email": [
      "meaganpoole@exerta.com",
      "bettemontgomery@housedown.com"
    ]
  },
  {
    "index": 186,
    "name": "Jackie",
    "surname": "Deleon",
    "email": [
      "jackiedeleon@housedown.com",
      "cottonsawyer@snorus.com"
    ]
  },
  {
    "index": 187,
    "name": "Robert",
    "surname": "Sherman",
    "email": [
      "robertsherman@snorus.com",
      "holliemcguire@tellifly.com"
    ]
  },
  {
    "index": 188,
    "name": "Kaitlin",
    "surname": "Frost",
    "email": [
      "kaitlinfrost@tellifly.com",
      "karynwilliams@namegen.com"
    ]
  },
  {
    "index": 189,
    "name": "Eugenia",
    "surname": "Burch",
    "email": [
      "eugeniaburch@namegen.com",
      "humphreyhart@updat.com"
    ]
  },
  {
    "index": 190,
    "name": "Fernandez",
    "surname": "Best",
    "email": [
      "fernandezbest@updat.com",
      "goodhardy@cyclonica.com"
    ]
  },
  {
    "index": 191,
    "name": "Garrison",
    "surname": "Mathews",
    "email": [
      "garrisonmathews@cyclonica.com",
      "canturodriguez@interfind.com"
    ]
  },
  {
    "index": 192,
    "name": "Adams",
    "surname": "Woodard",
    "email": [
      "adamswoodard@interfind.com",
      "estesbernard@terrago.com"
    ]
  },
  {
    "index": 193,
    "name": "Nunez",
    "surname": "Moreno",
    "email": [
      "nunezmoreno@terrago.com",
      "fayevasquez@viasia.com"
    ]
  },
  {
    "index": 194,
    "name": "Carmen",
    "surname": "Buckner",
    "email": [
      "carmenbuckner@viasia.com",
      "pearliesharp@zboo.com"
    ]
  },
  {
    "index": 195,
    "name": "Waller",
    "surname": "Bright",
    "email": [
      "wallerbright@zboo.com",
      "amandawong@shadease.com"
    ]
  },
  {
    "index": 196,
    "name": "Vance",
    "surname": "David",
    "email": [
      "vancedavid@shadease.com",
      "starkwinters@endicil.com"
    ]
  },
  {
    "index": 197,
    "name": "Monica",
    "surname": "Wright",
    "email": [
      "monicawright@endicil.com",
      "veronicashaw@insectus.com"
    ]
  },
  {
    "index": 198,
    "name": "Raymond",
    "surname": "Fowler",
    "email": [
      "raymondfowler@insectus.com",
      "odomsuarez@comverges.com"
    ]
  },
  {
    "index": 199,
    "name": "Byrd",
    "surname": "Holman",
    "email": [
      "byrdholman@comverges.com",
      "stantongonzalez@ceprene.com"
    ]
  },
  {
    "index": 200,
    "name": "Boyle",
    "surname": "Skinner",
    "email": [
      "boyleskinner@ceprene.com",
      "cochranbutler@ecraze.com"
    ]
  },
  {
    "index": 201,
    "name": "Cash",
    "surname": "Larson",
    "email": [
      "cashlarson@ecraze.com",
      "evemoran@qaboos.com"
    ]
  },
  {
    "index": 202,
    "name": "Holt",
    "surname": "Watkins",
    "email": [
      "holtwatkins@qaboos.com",
      "abigailalford@memora.com"
    ]
  },
  {
    "index": 203,
    "name": "Lowery",
    "surname": "Buckley",
    "email": [
      "lowerybuckley@memora.com",
      "woodwardmiller@furnafix.com"
    ]
  },
  {
    "index": 204,
    "name": "Renee",
    "surname": "Chen",
    "email": [
      "reneechen@furnafix.com",
      "pollardsnow@columella.com"
    ]
  },
  {
    "index": 205,
    "name": "Blanchard",
    "surname": "Lamb",
    "email": [
      "blanchardlamb@columella.com",
      "trevinokline@sultraxin.com"
    ]
  },
  {
    "index": 206,
    "name": "Grant",
    "surname": "Brooks",
    "email": [
      "grantbrooks@sultraxin.com",
      "tamikabenson@emergent.com"
    ]
  },
  {
    "index": 207,
    "name": "Donaldson",
    "surname": "Rhodes",
    "email": [
      "donaldsonrhodes@emergent.com",
      "latishafoley@optique.com"
    ]
  },
  {
    "index": 208,
    "name": "Chandler",
    "surname": "Ewing",
    "email": [
      "chandlerewing@optique.com",
      "newtonrandall@perkle.com"
    ]
  },
  {
    "index": 209,
    "name": "Schneider",
    "surname": "Mack",
    "email": [
      "schneidermack@perkle.com",
      "rochelleschmidt@incubus.com"
    ]
  },
  {
    "index": 210,
    "name": "Dominguez",
    "surname": "Bauer",
    "email": [
      "dominguezbauer@incubus.com",
      "frankiesimmons@cubix.com"
    ]
  },
  {
    "index": 211,
    "name": "Watkins",
    "surname": "Turner",
    "email": [
      "watkinsturner@cubix.com",
      "leonmorse@orboid.com"
    ]
  },
  {
    "index": 212,
    "name": "Burton",
    "surname": "Joyner",
    "email": [
      "burtonjoyner@orboid.com",
      "harrisontorres@quintity.com"
    ]
  },
  {
    "index": 213,
    "name": "Joanne",
    "surname": "Goff",
    "email": [
      "joannegoff@quintity.com",
      "rosalielandry@centice.com"
    ]
  },
  {
    "index": 214,
    "name": "Stephens",
    "surname": "Bryant",
    "email": [
      "stephensbryant@centice.com",
      "gracielafleming@zeam.com"
    ]
  },
  {
    "index": 215,
    "name": "Oneil",
    "surname": "Simon",
    "email": [
      "oneilsimon@zeam.com",
      "mcphersonguerrero@coash.com"
    ]
  },
  {
    "index": 216,
    "name": "Solomon",
    "surname": "Stephenson",
    "email": [
      "solomonstephenson@coash.com",
      "sheparddennis@isologia.com"
    ]
  },
  {
    "index": 217,
    "name": "Bryant",
    "surname": "Austin",
    "email": [
      "bryantaustin@isologia.com",
      "gertrudeharrington@accidency.com"
    ]
  },
  {
    "index": 218,
    "name": "Dunlap",
    "surname": "Boyle",
    "email": [
      "dunlapboyle@accidency.com",
      "karinwelch@keengen.com"
    ]
  },
  {
    "index": 219,
    "name": "Mccullough",
    "surname": "Randolph",
    "email": [
      "mcculloughrandolph@keengen.com",
      "andrewsmorrow@emoltra.com"
    ]
  },
  {
    "index": 220,
    "name": "Richard",
    "surname": "Casey",
    "email": [
      "richardcasey@emoltra.com",
      "alishapeters@softmicro.com"
    ]
  },
  {
    "index": 221,
    "name": "Sheryl",
    "surname": "Wall",
    "email": [
      "sherylwall@softmicro.com",
      "justicealexander@tersanki.com"
    ]
  },
  {
    "index": 222,
    "name": "Noreen",
    "surname": "Kirk",
    "email": [
      "noreenkirk@tersanki.com",
      "ayalasweeney@roboid.com"
    ]
  },
  {
    "index": 223,
    "name": "Dorothea",
    "surname": "Humphrey",
    "email": [
      "dorotheahumphrey@roboid.com",
      "ellisroman@interloo.com"
    ]
  },
  {
    "index": 224,
    "name": "Cara",
    "surname": "Hahn",
    "email": [
      "carahahn@interloo.com",
      "chelseamerrill@assitia.com"
    ]
  },
  {
    "index": 225,
    "name": "Cross",
    "surname": "Stuart",
    "email": [
      "crossstuart@assitia.com",
      "belindarich@viagreat.com"
    ]
  },
  {
    "index": 226,
    "name": "Roxanne",
    "surname": "Wilcox",
    "email": [
      "roxannewilcox@viagreat.com",
      "coxemerson@corporana.com"
    ]
  },
  {
    "index": 227,
    "name": "Fischer",
    "surname": "Watts",
    "email": [
      "fischerwatts@corporana.com",
      "robinsonsims@pearlessa.com"
    ]
  },
  {
    "index": 228,
    "name": "Gilliam",
    "surname": "Hess",
    "email": [
      "gilliamhess@pearlessa.com",
      "robinpatton@mondicil.com"
    ]
  },
  {
    "index": 229,
    "name": "Becker",
    "surname": "Sampson",
    "email": [
      "beckersampson@mondicil.com",
      "cherylgibson@tingles.com"
    ]
  },
  {
    "index": 230,
    "name": "Valenzuela",
    "surname": "Fisher",
    "email": [
      "valenzuelafisher@tingles.com",
      "erikamcbride@insuresys.com"
    ]
  },
  {
    "index": 231,
    "name": "Shelley",
    "surname": "Wolf",
    "email": [
      "shelleywolf@insuresys.com",
      "levineellis@limage.com"
    ]
  },
  {
    "index": 232,
    "name": "Figueroa",
    "surname": "Davidson",
    "email": [
      "figueroadavidson@limage.com",
      "loriosborne@printspan.com"
    ]
  },
  {
    "index": 233,
    "name": "Marci",
    "surname": "Pratt",
    "email": [
      "marcipratt@printspan.com",
      "claybrown@futurize.com"
    ]
  },
  {
    "index": 234,
    "name": "Serrano",
    "surname": "Scott",
    "email": [
      "serranoscott@futurize.com",
      "martinbrewer@netropic.com"
    ]
  },
  {
    "index": 235,
    "name": "Melanie",
    "surname": "Vang",
    "email": [
      "melanievang@netropic.com",
      "corinneavery@enerforce.com"
    ]
  },
  {
    "index": 236,
    "name": "Beverley",
    "surname": "Vargas",
    "email": [
      "beverleyvargas@enerforce.com",
      "leanncox@ebidco.com"
    ]
  },
  {
    "index": 237,
    "name": "Whitney",
    "surname": "Nielsen",
    "email": [
      "whitneynielsen@ebidco.com",
      "oconnorsantana@vetron.com"
    ]
  },
  {
    "index": 238,
    "name": "Arline",
    "surname": "Pierce",
    "email": [
      "arlinepierce@vetron.com",
      "meredithgraves@entropix.com"
    ]
  },
  {
    "index": 239,
    "name": "Espinoza",
    "surname": "Chang",
    "email": [
      "espinozachang@entropix.com",
      "katelyndelgado@xerex.com"
    ]
  },
  {
    "index": 240,
    "name": "Cain",
    "surname": "Sosa",
    "email": [
      "cainsosa@xerex.com",
      "charlesrusso@senmao.com"
    ]
  },
  {
    "index": 241,
    "name": "Hays",
    "surname": "Holden",
    "email": [
      "haysholden@senmao.com",
      "janellsheppard@plexia.com"
    ]
  },
  {
    "index": 242,
    "name": "Cooper",
    "surname": "Jennings",
    "email": [
      "cooperjennings@plexia.com",
      "estelacruz@cowtown.com"
    ]
  },
  {
    "index": 243,
    "name": "Ward",
    "surname": "Reed",
    "email": [
      "wardreed@cowtown.com",
      "shelbyhayes@quantasis.com"
    ]
  },
  {
    "index": 244,
    "name": "Valeria",
    "surname": "Heath",
    "email": [
      "valeriaheath@quantasis.com",
      "biancapark@pyramis.com"
    ]
  },
  {
    "index": 245,
    "name": "Dunn",
    "surname": "Moore",
    "email": [
      "dunnmoore@pyramis.com",
      "arnolddavis@anarco.com"
    ]
  },
  {
    "index": 246,
    "name": "Beck",
    "surname": "Wooten",
    "email": [
      "beckwooten@anarco.com",
      "phelpswynn@centuria.com"
    ]
  },
  {
    "index": 247,
    "name": "Evans",
    "surname": "Lynch",
    "email": [
      "evanslynch@centuria.com",
      "floresdominguez@fossiel.com"
    ]
  },
  {
    "index": 248,
    "name": "Burgess",
    "surname": "Henry",
    "email": [
      "burgesshenry@fossiel.com",
      "jeannebradford@amril.com"
    ]
  },
  {
    "index": 249,
    "name": "Blackwell",
    "surname": "Duncan",
    "email": [
      "blackwellduncan@amril.com",
      "ladonnamonroe@fibrodyne.com"
    ]
  },
  {
    "index": 250,
    "name": "Letitia",
    "surname": "Terry",
    "email": [
      "letitiaterry@fibrodyne.com",
      "simmonsweiss@imaginart.com"
    ]
  },
  {
    "index": 251,
    "name": "Hayes",
    "surname": "Walton",
    "email": [
      "hayeswalton@imaginart.com",
      "burnettshelton@roughies.com"
    ]
  },
  {
    "index": 252,
    "name": "Dillard",
    "surname": "Wheeler",
    "email": [
      "dillardwheeler@roughies.com",
      "kathiesnider@zilch.com"
    ]
  },
  {
    "index": 253,
    "name": "Gretchen",
    "surname": "Sutton",
    "email": [
      "gretchensutton@zilch.com",
      "mcmahonflowers@biohab.com"
    ]
  },
  {
    "index": 254,
    "name": "Dodson",
    "surname": "Patterson",
    "email": [
      "dodsonpatterson@biohab.com",
      "jewellbarlow@aclima.com"
    ]
  },
  {
    "index": 255,
    "name": "Pena",
    "surname": "Waller",
    "email": [
      "penawaller@aclima.com",
      "francispickett@farmex.com"
    ]
  },
  {
    "index": 256,
    "name": "Glenda",
    "surname": "Compton",
    "email": [
      "glendacompton@farmex.com",
      "popecrawford@ultrasure.com"
    ]
  },
  {
    "index": 257,
    "name": "Nancy",
    "surname": "Mckenzie",
    "email": [
      "nancymckenzie@ultrasure.com",
      "gallaghermcclain@xth.com"
    ]
  },
  {
    "index": 258,
    "name": "Clayton",
    "surname": "Barker",
    "email": [
      "claytonbarker@xth.com",
      "hollowayrutledge@zogak.com"
    ]
  },
  {
    "index": 259,
    "name": "Dejesus",
    "surname": "Valdez",
    "email": [
      "dejesusvaldez@zogak.com",
      "thelmacleveland@xeronk.com"
    ]
  },
  {
    "index": 260,
    "name": "Margarita",
    "surname": "Cardenas",
    "email": [
      "margaritacardenas@xeronk.com",
      "lakeishahines@cormoran.com"
    ]
  },
  {
    "index": 261,
    "name": "Allie",
    "surname": "Herrera",
    "email": [
      "allieherrera@cormoran.com",
      "wareschneider@viagrand.com"
    ]
  },
  {
    "index": 262,
    "name": "Reba",
    "surname": "Smith",
    "email": [
      "rebasmith@viagrand.com",
      "barreratravis@shepard.com"
    ]
  },
  {
    "index": 263,
    "name": "Gould",
    "surname": "Bowman",
    "email": [
      "gouldbowman@shepard.com",
      "castanedapotter@zillactic.com"
    ]
  },
  {
    "index": 264,
    "name": "Olson",
    "surname": "Hopper",
    "email": [
      "olsonhopper@zillactic.com",
      "beryldickerson@acium.com"
    ]
  },
  {
    "index": 265,
    "name": "Diaz",
    "surname": "Sanford",
    "email": [
      "diazsanford@acium.com",
      "castillofarmer@rockyard.com"
    ]
  },
  {
    "index": 266,
    "name": "Callie",
    "surname": "Grimes",
    "email": [
      "calliegrimes@rockyard.com",
      "hamiltonjoseph@ginkogene.com"
    ]
  },
  {
    "index": 267,
    "name": "Mcgee",
    "surname": "Short",
    "email": [
      "mcgeeshort@ginkogene.com",
      "cunninghamsears@pheast.com"
    ]
  },
  {
    "index": 268,
    "name": "Eileen",
    "surname": "Woods",
    "email": [
      "eileenwoods@pheast.com",
      "leachdaniel@opticon.com"
    ]
  },
  {
    "index": 269,
    "name": "Keisha",
    "surname": "Barber",
    "email": [
      "keishabarber@opticon.com",
      "jilliancross@slambda.com"
    ]
  },
  {
    "index": 270,
    "name": "Bennett",
    "surname": "Riddle",
    "email": [
      "bennettriddle@slambda.com",
      "mooneycopeland@animalia.com"
    ]
  },
  {
    "index": 271,
    "name": "Kaufman",
    "surname": "Spence",
    "email": [
      "kaufmanspence@animalia.com",
      "lorenamclean@gynko.com"
    ]
  },
  {
    "index": 272,
    "name": "Ester",
    "surname": "Williamson",
    "email": [
      "esterwilliamson@gynko.com",
      "clarelang@unq.com"
    ]
  },
  {
    "index": 273,
    "name": "Hensley",
    "surname": "Le",
    "email": [
      "hensleyle@unq.com",
      "betsynolan@pivitol.com"
    ]
  },
  {
    "index": 274,
    "name": "Serena",
    "surname": "Bowen",
    "email": [
      "serenabowen@pivitol.com",
      "santospotts@organica.com"
    ]
  },
  {
    "index": 275,
    "name": "Geneva",
    "surname": "Ingram",
    "email": [
      "genevaingram@organica.com",
      "harrietsalinas@geoform.com"
    ]
  },
  {
    "index": 276,
    "name": "Sadie",
    "surname": "Lynn",
    "email": [
      "sadielynn@geoform.com",
      "sarahfrench@krog.com"
    ]
  },
  {
    "index": 277,
    "name": "Ethel",
    "surname": "Tanner",
    "email": [
      "etheltanner@krog.com",
      "mercermoon@eargo.com"
    ]
  },
  {
    "index": 278,
    "name": "Stone",
    "surname": "Newman",
    "email": [
      "stonenewman@eargo.com",
      "willissullivan@zensus.com"
    ]
  },
  {
    "index": 279,
    "name": "Katy",
    "surname": "Maynard",
    "email": [
      "katymaynard@zensus.com",
      "patsywiggins@equicom.com"
    ]
  },
  {
    "index": 280,
    "name": "Miles",
    "surname": "Ford",
    "email": [
      "milesford@equicom.com",
      "franconicholson@premiant.com"
    ]
  },
  {
    "index": 281,
    "name": "Buck",
    "surname": "Pennington",
    "email": [
      "buckpennington@premiant.com",
      "leannawest@kiggle.com"
    ]
  },
  {
    "index": 282,
    "name": "Greta",
    "surname": "Riley",
    "email": [
      "gretariley@kiggle.com",
      "wigginshammond@zytrek.com"
    ]
  },
  {
    "index": 283,
    "name": "Lois",
    "surname": "Bates",
    "email": [
      "loisbates@zytrek.com",
      "louellarobinson@schoolio.com"
    ]
  },
  {
    "index": 284,
    "name": "Pennington",
    "surname": "Long",
    "email": [
      "penningtonlong@schoolio.com",
      "deliabrock@isoswitch.com"
    ]
  },
  {
    "index": 285,
    "name": "Marshall",
    "surname": "Navarro",
    "email": [
      "marshallnavarro@isoswitch.com",
      "alisonblack@hometown.com"
    ]
  },
  {
    "index": 286,
    "name": "York",
    "surname": "Crane",
    "email": [
      "yorkcrane@hometown.com",
      "daisylevine@cytrek.com"
    ]
  },
  {
    "index": 287,
    "name": "Claudia",
    "surname": "Olson",
    "email": [
      "claudiaolson@cytrek.com",
      "estellemayer@exodoc.com"
    ]
  },
  {
    "index": 288,
    "name": "Lucile",
    "surname": "Daniels",
    "email": [
      "luciledaniels@exodoc.com",
      "justinezamora@adornica.com"
    ]
  },
  {
    "index": 289,
    "name": "April",
    "surname": "Peck",
    "email": [
      "aprilpeck@adornica.com",
      "tiaengland@isoternia.com"
    ]
  },
  {
    "index": 290,
    "name": "Oneill",
    "surname": "Melendez",
    "email": [
      "oneillmelendez@isoternia.com",
      "mcguiremerritt@zizzle.com"
    ]
  },
  {
    "index": 291,
    "name": "Mcdaniel",
    "surname": "Keller",
    "email": [
      "mcdanielkeller@zizzle.com",
      "danielsoconnor@undertap.com"
    ]
  },
  {
    "index": 292,
    "name": "Lloyd",
    "surname": "Oliver",
    "email": [
      "lloydoliver@undertap.com",
      "alissamejia@exospeed.com"
    ]
  },
  {
    "index": 293,
    "name": "Jolene",
    "surname": "Rowland",
    "email": [
      "jolenerowland@exospeed.com",
      "bernadettearnold@extragen.com"
    ]
  },
  {
    "index": 294,
    "name": "Angelica",
    "surname": "Eaton",
    "email": [
      "angelicaeaton@extragen.com",
      "chasityday@boink.com"
    ]
  },
  {
    "index": 295,
    "name": "Collins",
    "surname": "Webb",
    "email": [
      "collinswebb@boink.com",
      "corrineclayton@elita.com"
    ]
  },
  {
    "index": 296,
    "name": "Curry",
    "surname": "Leonard",
    "email": [
      "curryleonard@elita.com",
      "greerhancock@terragen.com"
    ]
  },
  {
    "index": 297,
    "name": "Fuller",
    "surname": "Kirkland",
    "email": [
      "fullerkirkland@terragen.com",
      "donafarrell@genmex.com"
    ]
  },
  {
    "index": 298,
    "name": "Karen",
    "surname": "Flores",
    "email": [
      "karenflores@genmex.com",
      "sampsonleon@rodeomad.com"
    ]
  },
  {
    "index": 299,
    "name": "Tracy",
    "surname": "Velasquez",
    "email": [
      "tracyvelasquez@rodeomad.com",
      "rodriquezjames@insurity.com"
    ]
  },
  {
    "index": 300,
    "name": "Nicole",
    "surname": "Ayers",
    "email": [
      "nicoleayers@insurity.com",
      "alinebaker@portalis.com"
    ]
  },
  {
    "index": 301,
    "name": "Evangeline",
    "surname": "Abbott",
    "email": [
      "evangelineabbott@portalis.com",
      "copelandwalter@quonata.com"
    ]
  },
  {
    "index": 302,
    "name": "Clark",
    "surname": "Cervantes",
    "email": [
      "clarkcervantes@quonata.com",
      "susanyork@myopium.com"
    ]
  },
  {
    "index": 303,
    "name": "Padilla",
    "surname": "Ross",
    "email": [
      "padillaross@myopium.com",
      "vaughandillon@blurrybus.com"
    ]
  },
  {
    "index": 304,
    "name": "Erica",
    "surname": "Steele",
    "email": [
      "ericasteele@blurrybus.com",
      "osbornebuchanan@pulze.com"
    ]
  },
  {
    "index": 305,
    "name": "Faulkner",
    "surname": "Thornton",
    "email": [
      "faulknerthornton@pulze.com",
      "ninasweet@marketoid.com"
    ]
  },
  {
    "index": 306,
    "name": "Stokes",
    "surname": "Montoya",
    "email": [
      "stokesmontoya@marketoid.com",
      "douglassargent@netur.com"
    ]
  },
  {
    "index": 307,
    "name": "Walker",
    "surname": "Roberson",
    "email": [
      "walkerroberson@netur.com",
      "shannamartinez@deviltoe.com"
    ]
  },
  {
    "index": 308,
    "name": "Terry",
    "surname": "Velazquez",
    "email": [
      "terryvelazquez@deviltoe.com",
      "morganvalenzuela@eventex.com"
    ]
  },
  {
    "index": 309,
    "name": "Griffith",
    "surname": "Watson",
    "email": [
      "griffithwatson@eventex.com",
      "shariwilkins@suremax.com"
    ]
  },
  {
    "index": 310,
    "name": "Buchanan",
    "surname": "Bush",
    "email": [
      "buchananbush@suremax.com",
      "englishjarvis@codact.com"
    ]
  },
  {
    "index": 311,
    "name": "Jenny",
    "surname": "Meyers",
    "email": [
      "jennymeyers@codact.com",
      "faystark@momentia.com"
    ]
  },
  {
    "index": 312,
    "name": "Yvette",
    "surname": "Cooke",
    "email": [
      "yvettecooke@momentia.com",
      "jacobscase@kyagoro.com"
    ]
  },
  {
    "index": 313,
    "name": "Jarvis",
    "surname": "Clemons",
    "email": [
      "jarvisclemons@kyagoro.com",
      "fitzpatrickhead@orbin.com"
    ]
  },
  {
    "index": 314,
    "name": "Hodge",
    "surname": "Mcdonald",
    "email": [
      "hodgemcdonald@orbin.com",
      "feliciahuber@ultrimax.com"
    ]
  },
  {
    "index": 315,
    "name": "Keri",
    "surname": "Woodward",
    "email": [
      "keriwoodward@ultrimax.com",
      "doreenchambers@oronoko.com"
    ]
  },
  {
    "index": 316,
    "name": "Karla",
    "surname": "Shepard",
    "email": [
      "karlashepard@oronoko.com",
      "mirandastephens@virva.com"
    ]
  },
  {
    "index": 317,
    "name": "Robyn",
    "surname": "Morris",
    "email": [
      "robynmorris@virva.com",
      "jamiehaney@uneeq.com"
    ]
  },
  {
    "index": 318,
    "name": "Courtney",
    "surname": "Blake",
    "email": [
      "courtneyblake@uneeq.com",
      "herminiagarrison@nipaz.com"
    ]
  },
  {
    "index": 319,
    "name": "Mindy",
    "surname": "Mullen",
    "email": [
      "mindymullen@nipaz.com",
      "dixonhorton@flotonic.com"
    ]
  },
  {
    "index": 320,
    "name": "Stuart",
    "surname": "Dejesus",
    "email": [
      "stuartdejesus@flotonic.com",
      "franciswalls@idego.com"
    ]
  },
  {
    "index": 321,
    "name": "Ila",
    "surname": "Adams",
    "email": [
      "ilaadams@idego.com",
      "smithgreene@isotronic.com"
    ]
  },
  {
    "index": 322,
    "name": "Rhodes",
    "surname": "Pacheco",
    "email": [
      "rhodespacheco@isotronic.com",
      "kerrihendricks@limozen.com"
    ]
  },
  {
    "index": 323,
    "name": "Bridges",
    "surname": "Livingston",
    "email": [
      "bridgeslivingston@limozen.com",
      "heatherbenton@hydrocom.com"
    ]
  },
  {
    "index": 324,
    "name": "Stefanie",
    "surname": "Saunders",
    "email": [
      "stefaniesaunders@hydrocom.com",
      "palmerhanson@quinex.com"
    ]
  },
  {
    "index": 325,
    "name": "Jeanine",
    "surname": "Lawson",
    "email": [
      "jeaninelawson@quinex.com",
      "bentoncastro@zidant.com"
    ]
  },
  {
    "index": 326,
    "name": "Witt",
    "surname": "Thomas",
    "email": [
      "wittthomas@zidant.com",
      "wattsroy@unisure.com"
    ]
  },
  {
    "index": 327,
    "name": "Hayden",
    "surname": "Avila",
    "email": [
      "haydenavila@unisure.com",
      "rubykey@cytrex.com"
    ]
  },
  {
    "index": 328,
    "name": "Lindsay",
    "surname": "Page",
    "email": [
      "lindsaypage@cytrex.com",
      "everettcannon@kengen.com"
    ]
  },
  {
    "index": 329,
    "name": "Woodard",
    "surname": "Cummings",
    "email": [
      "woodardcummings@kengen.com",
      "sargentschultz@strozen.com"
    ]
  },
  {
    "index": 330,
    "name": "Christa",
    "surname": "Owens",
    "email": [
      "christaowens@strozen.com",
      "alfredamorin@corepan.com"
    ]
  },
  {
    "index": 331,
    "name": "Elvira",
    "surname": "Meyer",
    "email": [
      "elvirameyer@corepan.com",
      "frankbullock@duflex.com"
    ]
  },
  {
    "index": 332,
    "name": "Twila",
    "surname": "Barnett",
    "email": [
      "twilabarnett@duflex.com",
      "haynesspencer@geekwagon.com"
    ]
  },
  {
    "index": 333,
    "name": "Carney",
    "surname": "Benjamin",
    "email": [
      "carneybenjamin@geekwagon.com",
      "brendafrancis@valreda.com"
    ]
  },
  {
    "index": 334,
    "name": "Briana",
    "surname": "Mclaughlin",
    "email": [
      "brianamclaughlin@valreda.com",
      "graycurry@comtrak.com"
    ]
  },
  {
    "index": 335,
    "name": "Cora",
    "surname": "Lane",
    "email": [
      "coralane@comtrak.com",
      "florafischer@suretech.com"
    ]
  },
  {
    "index": 336,
    "name": "Lea",
    "surname": "Rollins",
    "email": [
      "learollins@suretech.com",
      "evangelinaburris@virxo.com"
    ]
  },
  {
    "index": 337,
    "name": "Prince",
    "surname": "Roberts",
    "email": [
      "princeroberts@virxo.com",
      "barrsilva@prosely.com"
    ]
  },
  {
    "index": 338,
    "name": "Clarke",
    "surname": "Aguirre",
    "email": [
      "clarkeaguirre@prosely.com",
      "frenchmarshall@medalert.com"
    ]
  },
  {
    "index": 339,
    "name": "Lavonne",
    "surname": "Huffman",
    "email": [
      "lavonnehuffman@medalert.com",
      "maryanneconrad@recognia.com"
    ]
  },
  {
    "index": 340,
    "name": "Jeannine",
    "surname": "Ward",
    "email": [
      "jeannineward@recognia.com",
      "simoncollins@phuel.com"
    ]
  },
  {
    "index": 341,
    "name": "Fox",
    "surname": "Bass",
    "email": [
      "foxbass@phuel.com",
      "elsiebuck@sequitur.com"
    ]
  },
  {
    "index": 342,
    "name": "Margery",
    "surname": "Maldonado",
    "email": [
      "margerymaldonado@sequitur.com",
      "reginaprice@oceanica.com"
    ]
  },
  {
    "index": 343,
    "name": "Fulton",
    "surname": "Mullins",
    "email": [
      "fultonmullins@oceanica.com",
      "deirdrechristensen@dancity.com"
    ]
  },
  {
    "index": 344,
    "name": "Riggs",
    "surname": "Grant",
    "email": [
      "riggsgrant@dancity.com",
      "aidaharvey@geostele.com"
    ]
  },
  {
    "index": 345,
    "name": "Josefina",
    "surname": "Mcconnell",
    "email": [
      "josefinamcconnell@geostele.com",
      "shereeparrish@retrotex.com"
    ]
  },
  {
    "index": 346,
    "name": "Sweet",
    "surname": "Duke",
    "email": [
      "sweetduke@retrotex.com",
      "dickersonestrada@comvey.com"
    ]
  },
  {
    "index": 347,
    "name": "Leta",
    "surname": "Workman",
    "email": [
      "letaworkman@comvey.com",
      "merrillsingleton@geekko.com"
    ]
  },
  {
    "index": 348,
    "name": "Snider",
    "surname": "Tyson",
    "email": [
      "snidertyson@geekko.com",
      "benderparsons@kenegy.com"
    ]
  },
  {
    "index": 349,
    "name": "Tanisha",
    "surname": "Mccullough",
    "email": [
      "tanishamccullough@kenegy.com",
      "mildredrice@duoflex.com"
    ]
  },
  {
    "index": 350,
    "name": "Mary",
    "surname": "Hutchinson",
    "email": [
      "maryhutchinson@duoflex.com",
      "jeniferlucas@uncorp.com"
    ]
  },
  {
    "index": 351,
    "name": "Elise",
    "surname": "Larsen",
    "email": [
      "eliselarsen@uncorp.com",
      "mckaystevens@polarium.com"
    ]
  },
  {
    "index": 352,
    "name": "Mara",
    "surname": "Chandler",
    "email": [
      "marachandler@polarium.com",
      "tommiemccormick@bicol.com"
    ]
  },
  {
    "index": 353,
    "name": "Frye",
    "surname": "Barr",
    "email": [
      "fryebarr@bicol.com",
      "colemanmays@ecstasia.com"
    ]
  },
  {
    "index": 354,
    "name": "Matilda",
    "surname": "Frazier",
    "email": [
      "matildafrazier@ecstasia.com",
      "rebekahfinch@tropolis.com"
    ]
  },
  {
    "index": 355,
    "name": "Rhonda",
    "surname": "Robles",
    "email": [
      "rhondarobles@tropolis.com",
      "shepherdstanley@andershun.com"
    ]
  },
  {
    "index": 356,
    "name": "Maldonado",
    "surname": "Bradley",
    "email": [
      "maldonadobradley@andershun.com",
      "edwardsbyrd@jetsilk.com"
    ]
  },
  {
    "index": 357,
    "name": "Slater",
    "surname": "Stokes",
    "email": [
      "slaterstokes@jetsilk.com",
      "howardparks@verton.com"
    ]
  },
  {
    "index": 358,
    "name": "Reed",
    "surname": "Baldwin",
    "email": [
      "reedbaldwin@verton.com",
      "hopkinswillis@anocha.com"
    ]
  },
  {
    "index": 359,
    "name": "Skinner",
    "surname": "Little",
    "email": [
      "skinnerlittle@anocha.com",
      "christieguy@ovolo.com"
    ]
  },
  {
    "index": 360,
    "name": "Maritza",
    "surname": "Lester",
    "email": [
      "maritzalester@ovolo.com",
      "bertiemiles@diginetic.com"
    ]
  },
  {
    "index": 361,
    "name": "Gomez",
    "surname": "Cooley",
    "email": [
      "gomezcooley@diginetic.com",
      "cardenasluna@quantalia.com"
    ]
  },
  {
    "index": 362,
    "name": "Mathis",
    "surname": "Reilly",
    "email": [
      "mathisreilly@quantalia.com",
      "kristyfranco@gology.com"
    ]
  },
  {
    "index": 363,
    "name": "Dudley",
    "surname": "Stone",
    "email": [
      "dudleystone@gology.com",
      "lessieaguilar@cosmetex.com"
    ]
  },
  {
    "index": 364,
    "name": "Millicent",
    "surname": "Lowery",
    "email": [
      "millicentlowery@cosmetex.com",
      "oliveholder@gluid.com"
    ]
  },
  {
    "index": 365,
    "name": "Dee",
    "surname": "Flynn",
    "email": [
      "deeflynn@gluid.com",
      "audreynieves@xelegyl.com"
    ]
  },
  {
    "index": 366,
    "name": "Williamson",
    "surname": "Gross",
    "email": [
      "williamsongross@xelegyl.com",
      "comptonwilkinson@isologics.com"
    ]
  },
  {
    "index": 367,
    "name": "Schroeder",
    "surname": "Farley",
    "email": [
      "schroederfarley@isologics.com",
      "deanamalone@sloganaut.com"
    ]
  },
  {
    "index": 368,
    "name": "Florine",
    "surname": "Tyler",
    "email": [
      "florinetyler@sloganaut.com",
      "jaminorton@neptide.com"
    ]
  },
  {
    "index": 369,
    "name": "Celia",
    "surname": "Morton",
    "email": [
      "celiamorton@neptide.com",
      "crawfordboyd@anivet.com"
    ]
  },
  {
    "index": 370,
    "name": "Ellison",
    "surname": "Cain",
    "email": [
      "ellisoncain@anivet.com",
      "larsonfox@chillium.com"
    ]
  },
  {
    "index": 371,
    "name": "Ida",
    "surname": "Calhoun",
    "email": [
      "idacalhoun@chillium.com",
      "drakefrye@songbird.com"
    ]
  },
  {
    "index": 372,
    "name": "Dolores",
    "surname": "Odonnell",
    "email": [
      "doloresodonnell@songbird.com",
      "aureliaatkins@evidends.com"
    ]
  },
  {
    "index": 373,
    "name": "Galloway",
    "surname": "Goodwin",
    "email": [
      "gallowaygoodwin@evidends.com",
      "lorriebaird@lumbrex.com"
    ]
  },
  {
    "index": 374,
    "name": "Wolf",
    "surname": "Rush",
    "email": [
      "wolfrush@lumbrex.com",
      "essiejohns@paragonia.com"
    ]
  },
  {
    "index": 375,
    "name": "Pauline",
    "surname": "Mccray",
    "email": [
      "paulinemccray@paragonia.com",
      "annlara@earthpure.com"
    ]
  },
  {
    "index": 376,
    "name": "Kristina",
    "surname": "Rosario",
    "email": [
      "kristinarosario@earthpure.com",
      "pamharrell@vicon.com"
    ]
  },
  {
    "index": 377,
    "name": "Harriett",
    "surname": "Hatfield",
    "email": [
      "harrietthatfield@vicon.com",
      "kirkrichmond@ecolight.com"
    ]
  },
  {
    "index": 378,
    "name": "Brewer",
    "surname": "Drake",
    "email": [
      "brewerdrake@ecolight.com",
      "latashabennett@apextri.com"
    ]
  },
  {
    "index": 379,
    "name": "Maria",
    "surname": "Walker",
    "email": [
      "mariawalker@apextri.com",
      "gibsonterrell@mangelica.com"
    ]
  },
  {
    "index": 380,
    "name": "Barnett",
    "surname": "Kane",
    "email": [
      "barnettkane@mangelica.com",
      "fergusonkim@qot.com"
    ]
  },
  {
    "index": 381,
    "name": "Erma",
    "surname": "Michael",
    "email": [
      "ermamichael@qot.com",
      "dalevinson@nimon.com"
    ]
  },
  {
    "index": 382,
    "name": "Gentry",
    "surname": "Gilliam",
    "email": [
      "gentrygilliam@nimon.com",
      "liliakemp@enormo.com"
    ]
  },
  {
    "index": 383,
    "name": "Rowland",
    "surname": "Sandoval",
    "email": [
      "rowlandsandoval@enormo.com",
      "bobbipatrick@papricut.com"
    ]
  },
  {
    "index": 384,
    "name": "Bailey",
    "surname": "Juarez",
    "email": [
      "baileyjuarez@papricut.com",
      "mcdowellcarson@immunics.com"
    ]
  },
  {
    "index": 385,
    "name": "Earnestine",
    "surname": "Miranda",
    "email": [
      "earnestinemiranda@immunics.com",
      "mejiakelley@accufarm.com"
    ]
  },
  {
    "index": 386,
    "name": "Williams",
    "surname": "Dunn",
    "email": [
      "williamsdunn@accufarm.com",
      "billiemann@exoblue.com"
    ]
  },
  {
    "index": 387,
    "name": "Eloise",
    "surname": "Solis",
    "email": [
      "eloisesolis@exoblue.com",
      "hestercastaneda@grok.com"
    ]
  },
  {
    "index": 388,
    "name": "Phoebe",
    "surname": "Cline",
    "email": [
      "phoebecline@grok.com",
      "mcfarlanddavenport@comtours.com"
    ]
  },
  {
    "index": 389,
    "name": "Weber",
    "surname": "Beach",
    "email": [
      "weberbeach@comtours.com",
      "lesterpowers@isopop.com"
    ]
  },
  {
    "index": 390,
    "name": "Rachel",
    "surname": "Diaz",
    "email": [
      "racheldiaz@isopop.com",
      "harveynoel@fitcore.com"
    ]
  },
  {
    "index": 391,
    "name": "Vincent",
    "surname": "Cooper",
    "email": [
      "vincentcooper@fitcore.com",
      "mossshaffer@zosis.com"
    ]
  },
  {
    "index": 392,
    "name": "Harding",
    "surname": "Orr",
    "email": [
      "hardingorr@zosis.com",
      "staciconway@kage.com"
    ]
  },
  {
    "index": 393,
    "name": "Alvarado",
    "surname": "Ortega",
    "email": [
      "alvaradoortega@kage.com",
      "maggieunderwood@enomen.com"
    ]
  },
  {
    "index": 394,
    "name": "Turner",
    "surname": "Ferrell",
    "email": [
      "turnerferrell@enomen.com",
      "rheadorsey@telpod.com"
    ]
  },
  {
    "index": 395,
    "name": "Luann",
    "surname": "Carey",
    "email": [
      "luanncarey@telpod.com",
      "rosepope@boilicon.com"
    ]
  },
  {
    "index": 396,
    "name": "Sonya",
    "surname": "Schwartz",
    "email": [
      "sonyaschwartz@boilicon.com",
      "fowlerharris@entroflex.com"
    ]
  },
  {
    "index": 397,
    "name": "May",
    "surname": "Trujillo",
    "email": [
      "maytrujillo@entroflex.com",
      "lyndahayden@acrodance.com"
    ]
  },
  {
    "index": 398,
    "name": "Bates",
    "surname": "Colon",
    "email": [
      "batescolon@acrodance.com",
      "myrnahays@pigzart.com"
    ]
  },
  {
    "index": 399,
    "name": "Maynard",
    "surname": "Oneil",
    "email": [
      "maynardoneil@pigzart.com",
      "aimeebird@besto.com"
    ]
  },
  {
    "index": 400,
    "name": "Maribel",
    "surname": "Durham",
    "email": [
      "maribeldurham@besto.com",
      "shermanjenkins@quadeebo.com"
    ]
  },
  {
    "index": 401,
    "name": "Bowen",
    "surname": "Massey",
    "email": [
      "bowenmassey@quadeebo.com",
      "ericksonhale@netility.com"
    ]
  },
  {
    "index": 402,
    "name": "Carrillo",
    "surname": "Young",
    "email": [
      "carrilloyoung@netility.com",
      "butlerwood@magnemo.com"
    ]
  },
  {
    "index": 403,
    "name": "Finch",
    "surname": "Fletcher",
    "email": [
      "finchfletcher@magnemo.com",
      "edwinamcdowell@spherix.com"
    ]
  },
  {
    "index": 404,
    "name": "Addie",
    "surname": "Glover",
    "email": [
      "addieglover@spherix.com",
      "riveradoyle@zillidium.com"
    ]
  },
  {
    "index": 405,
    "name": "Brandi",
    "surname": "Everett",
    "email": [
      "brandieverett@zillidium.com",
      "nettieweber@cujo.com"
    ]
  },
  {
    "index": 406,
    "name": "Margie",
    "surname": "Britt",
    "email": [
      "margiebritt@cujo.com",
      "carriehorne@zaya.com"
    ]
  },
  {
    "index": 407,
    "name": "Lee",
    "surname": "Lloyd",
    "email": [
      "leelloyd@zaya.com",
      "hillweaver@handshake.com"
    ]
  },
  {
    "index": 408,
    "name": "Singleton",
    "surname": "Johnston",
    "email": [
      "singletonjohnston@handshake.com",
      "helenvillarreal@zillacon.com"
    ]
  },
  {
    "index": 409,
    "name": "Carroll",
    "surname": "Higgins",
    "email": [
      "carrollhiggins@zillacon.com",
      "blanchegraham@comstruct.com"
    ]
  },
  {
    "index": 410,
    "name": "Sandoval",
    "surname": "Alvarado",
    "email": [
      "sandovalalvarado@comstruct.com",
      "guadalupeellison@kog.com"
    ]
  },
  {
    "index": 411,
    "name": "Carpenter",
    "surname": "Cunningham",
    "email": [
      "carpentercunningham@kog.com",
      "lynnkeith@cincyr.com"
    ]
  },
  {
    "index": 412,
    "name": "Lou",
    "surname": "Nunez",
    "email": [
      "loununez@cincyr.com",
      "hicksbell@insuron.com"
    ]
  },
  {
    "index": 413,
    "name": "Lyons",
    "surname": "White",
    "email": [
      "lyonswhite@insuron.com",
      "farrellwitt@kidstock.com"
    ]
  },
  {
    "index": 414,
    "name": "Knox",
    "surname": "Madden",
    "email": [
      "knoxmadden@kidstock.com",
      "bernadinecarlson@envire.com"
    ]
  },
  {
    "index": 415,
    "name": "Shaw",
    "surname": "Giles",
    "email": [
      "shawgiles@envire.com",
      "violaadkins@vinch.com"
    ]
  },
  {
    "index": 416,
    "name": "Cortez",
    "surname": "Galloway",
    "email": [
      "cortezgalloway@vinch.com",
      "wagnerbrennan@asimiline.com"
    ]
  },
  {
    "index": 417,
    "name": "Mandy",
    "surname": "Mcknight",
    "email": [
      "mandymcknight@asimiline.com",
      "britneywarner@bezal.com"
    ]
  },
  {
    "index": 418,
    "name": "Diana",
    "surname": "Garza",
    "email": [
      "dianagarza@bezal.com",
      "hahndixon@zentix.com"
    ]
  },
  {
    "index": 419,
    "name": "Britt",
    "surname": "Ryan",
    "email": [
      "brittryan@zentix.com",
      "ivadelacruz@neocent.com"
    ]
  },
  {
    "index": 420,
    "name": "Iris",
    "surname": "Yates",
    "email": [
      "irisyates@neocent.com",
      "shaunaboyer@sustenza.com"
    ]
  },
  {
    "index": 421,
    "name": "Cummings",
    "surname": "Berger",
    "email": [
      "cummingsberger@sustenza.com",
      "maryloumckee@golistic.com"
    ]
  },
  {
    "index": 422,
    "name": "Ashlee",
    "surname": "Dean",
    "email": [
      "ashleedean@golistic.com",
      "holmanpuckett@geekosis.com"
    ]
  },
  {
    "index": 423,
    "name": "Angelia",
    "surname": "Meadows",
    "email": [
      "angeliameadows@geekosis.com",
      "daughertycollier@kneedles.com"
    ]
  },
  {
    "index": 424,
    "name": "Genevieve",
    "surname": "Duran",
    "email": [
      "genevieveduran@kneedles.com",
      "amaliaelliott@hairport.com"
    ]
  },
  {
    "index": 425,
    "name": "Geraldine",
    "surname": "Cabrera",
    "email": [
      "geraldinecabrera@hairport.com",
      "maddenwilkerson@aquasure.com"
    ]
  },
  {
    "index": 426,
    "name": "Gabrielle",
    "surname": "Reyes",
    "email": [
      "gabriellereyes@aquasure.com",
      "littleherman@dognosis.com"
    ]
  },
  {
    "index": 427,
    "name": "Harrell",
    "surname": "Gray",
    "email": [
      "harrellgray@dognosis.com",
      "debramcmillan@velity.com"
    ]
  },
  {
    "index": 428,
    "name": "Amy",
    "surname": "Hensley",
    "email": [
      "amyhensley@velity.com",
      "browngallegos@rameon.com"
    ]
  },
  {
    "index": 429,
    "name": "Mcmillan",
    "surname": "Branch",
    "email": [
      "mcmillanbranch@rameon.com",
      "lindseyfitzgerald@iplax.com"
    ]
  },
  {
    "index": 430,
    "name": "Pickett",
    "surname": "Lyons",
    "email": [
      "pickettlyons@iplax.com",
      "concettajoyce@xurban.com"
    ]
  },
  {
    "index": 431,
    "name": "Irwin",
    "surname": "Blankenship",
    "email": [
      "irwinblankenship@xurban.com",
      "gatesmosley@zanilla.com"
    ]
  },
  {
    "index": 432,
    "name": "Frieda",
    "surname": "Burks",
    "email": [
      "friedaburks@zanilla.com",
      "wynnnewton@toyletry.com"
    ]
  },
  {
    "index": 433,
    "name": "Audra",
    "surname": "Snyder",
    "email": [
      "audrasnyder@toyletry.com",
      "marvagay@hivedom.com"
    ]
  },
  {
    "index": 434,
    "name": "Mcknight",
    "surname": "Edwards",
    "email": [
      "mcknightedwards@hivedom.com",
      "glassgomez@quarex.com"
    ]
  },
  {
    "index": 435,
    "name": "Terrell",
    "surname": "Chase",
    "email": [
      "terrellchase@quarex.com",
      "casandravaughn@medcom.com"
    ]
  },
  {
    "index": 436,
    "name": "Camacho",
    "surname": "Conner",
    "email": [
      "camachoconner@medcom.com",
      "lenoramathis@slax.com"
    ]
  },
  {
    "index": 437,
    "name": "Reva",
    "surname": "Howard",
    "email": [
      "revahoward@slax.com",
      "hollandhamilton@optyk.com"
    ]
  },
  {
    "index": 438,
    "name": "Sexton",
    "surname": "Walters",
    "email": [
      "sextonwalters@optyk.com",
      "vegatalley@zaggles.com"
    ]
  },
  {
    "index": 439,
    "name": "Lesa",
    "surname": "Kerr",
    "email": [
      "lesakerr@zaggles.com",
      "marianacook@deminimum.com"
    ]
  },
  {
    "index": 440,
    "name": "Kirsten",
    "surname": "Robbins",
    "email": [
      "kirstenrobbins@deminimum.com",
      "tessashannon@grainspot.com"
    ]
  },
  {
    "index": 441,
    "name": "Alma",
    "surname": "Ortiz",
    "email": [
      "almaortiz@grainspot.com",
      "susanneconley@zillacom.com"
    ]
  },
  {
    "index": 442,
    "name": "Savage",
    "surname": "Soto",
    "email": [
      "savagesoto@zillacom.com",
      "normaballard@austex.com"
    ]
  },
  {
    "index": 443,
    "name": "Dina",
    "surname": "Gutierrez",
    "email": [
      "dinagutierrez@austex.com",
      "raquelbradshaw@melbacor.com"
    ]
  },
  {
    "index": 444,
    "name": "Lorna",
    "surname": "Hoffman",
    "email": [
      "lornahoffman@melbacor.com",
      "sandybarrera@emtrac.com"
    ]
  },
  {
    "index": 445,
    "name": "Gena",
    "surname": "Strong",
    "email": [
      "genastrong@emtrac.com",
      "wyattrosa@vixo.com"
    ]
  },
  {
    "index": 446,
    "name": "Gracie",
    "surname": "Klein",
    "email": [
      "gracieklein@vixo.com",
      "garrettburns@zedalis.com"
    ]
  },
  {
    "index": 447,
    "name": "Washington",
    "surname": "William",
    "email": [
      "washingtonwilliam@zedalis.com",
      "fredanguyen@genmom.com"
    ]
  },
  {
    "index": 448,
    "name": "Maricela",
    "surname": "Andrews",
    "email": [
      "maricelaandrews@genmom.com",
      "ruthfranks@kinetica.com"
    ]
  },
  {
    "index": 449,
    "name": "Adriana",
    "surname": "Mccarthy",
    "email": [
      "adrianamccarthy@kinetica.com",
      "carlenedodson@luxuria.com"
    ]
  },
  {
    "index": 450,
    "name": "Wells",
    "surname": "Mcmahon",
    "email": [
      "wellsmcmahon@luxuria.com",
      "harpercarr@prismatic.com"
    ]
  },
  {
    "index": 451,
    "name": "Clarice",
    "surname": "Caldwell",
    "email": [
      "claricecaldwell@prismatic.com",
      "merlegentry@rocklogic.com"
    ]
  },
  {
    "index": 452,
    "name": "Naomi",
    "surname": "Swanson",
    "email": [
      "naomiswanson@rocklogic.com",
      "schultzpetty@pushcart.com"
    ]
  },
  {
    "index": 453,
    "name": "Lynnette",
    "surname": "Washington",
    "email": [
      "lynnettewashington@pushcart.com",
      "downslindsey@waab.com"
    ]
  },
  {
    "index": 454,
    "name": "Cooke",
    "surname": "Valencia",
    "email": [
      "cookevalencia@waab.com",
      "vernaberg@combogen.com"
    ]
  },
  {
    "index": 455,
    "name": "Claire",
    "surname": "Pitts",
    "email": [
      "clairepitts@combogen.com",
      "gregoryhenson@krag.com"
    ]
  },
  {
    "index": 456,
    "name": "Roslyn",
    "surname": "Goodman",
    "email": [
      "roslyngoodman@krag.com",
      "leblanccurtis@signity.com"
    ]
  },
  {
    "index": 457,
    "name": "Dianne",
    "surname": "Warren",
    "email": [
      "diannewarren@signity.com",
      "inezstewart@aquacine.com"
    ]
  },
  {
    "index": 458,
    "name": "Ella",
    "surname": "Donovan",
    "email": [
      "elladonovan@aquacine.com",
      "sofiagriffin@sportan.com"
    ]
  },
  {
    "index": 459,
    "name": "Marian",
    "surname": "Salazar",
    "email": [
      "mariansalazar@sportan.com",
      "florencewaters@comdom.com"
    ]
  },
  {
    "index": 460,
    "name": "Jerri",
    "surname": "Ayala",
    "email": [
      "jerriayala@comdom.com",
      "miacampos@obones.com"
    ]
  },
  {
    "index": 461,
    "name": "Brittany",
    "surname": "Gates",
    "email": [
      "brittanygates@obones.com",
      "vazquezcharles@skyplex.com"
    ]
  },
  {
    "index": 462,
    "name": "Leonor",
    "surname": "Simpson",
    "email": [
      "leonorsimpson@skyplex.com",
      "traceyratliff@poochies.com"
    ]
  },
  {
    "index": 463,
    "name": "Massey",
    "surname": "Mckinney",
    "email": [
      "masseymckinney@poochies.com",
      "alexandriahoover@accuprint.com"
    ]
  },
  {
    "index": 464,
    "name": "Wood",
    "surname": "Jensen",
    "email": [
      "woodjensen@accuprint.com",
      "daphnehickman@uni.com"
    ]
  },
  {
    "index": 465,
    "name": "Delgado",
    "surname": "Daugherty",
    "email": [
      "delgadodaugherty@uni.com",
      "cassandraguerra@dancerity.com"
    ]
  },
  {
    "index": 466,
    "name": "Earlene",
    "surname": "Holcomb",
    "email": [
      "earleneholcomb@dancerity.com",
      "silvacole@bulljuice.com"
    ]
  },
  {
    "index": 467,
    "name": "Michele",
    "surname": "Pena",
    "email": [
      "michelepena@bulljuice.com",
      "wilmahaynes@sensate.com"
    ]
  },
  {
    "index": 468,
    "name": "Barrett",
    "surname": "Douglas",
    "email": [
      "barrettdouglas@sensate.com",
      "maudedyer@caxt.com"
    ]
  },
  {
    "index": 469,
    "name": "Hudson",
    "surname": "Gilmore",
    "email": [
      "hudsongilmore@caxt.com",
      "pearlhunter@renovize.com"
    ]
  },
  {
    "index": 470,
    "name": "Gardner",
    "surname": "Sparks",
    "email": [
      "gardnersparks@renovize.com",
      "daviscash@stralum.com"
    ]
  },
  {
    "index": 471,
    "name": "Traci",
    "surname": "Tucker",
    "email": [
      "tracitucker@stralum.com",
      "socorrodonaldson@exoswitch.com"
    ]
  },
  {
    "index": 472,
    "name": "Earline",
    "surname": "Russell",
    "email": [
      "earlinerussell@exoswitch.com",
      "bethanybean@cytrak.com"
    ]
  },
  {
    "index": 473,
    "name": "Young",
    "surname": "Mueller",
    "email": [
      "youngmueller@cytrak.com",
      "lizcote@magmina.com"
    ]
  },
  {
    "index": 474,
    "name": "Angeline",
    "surname": "Franklin",
    "email": [
      "angelinefranklin@magmina.com",
      "antoinettebooker@lingoage.com"
    ]
  },
  {
    "index": 475,
    "name": "Carla",
    "surname": "Fernandez",
    "email": [
      "carlafernandez@lingoage.com",
      "elenakirby@utarian.com"
    ]
  },
  {
    "index": 476,
    "name": "Madeleine",
    "surname": "Gould",
    "email": [
      "madeleinegould@utarian.com",
      "bettybriggs@moltonic.com"
    ]
  },
  {
    "index": 477,
    "name": "Cristina",
    "surname": "Hall",
    "email": [
      "cristinahall@moltonic.com",
      "bridgetyang@confrenzy.com"
    ]
  },
  {
    "index": 478,
    "name": "Huber",
    "surname": "Christian",
    "email": [
      "huberchristian@confrenzy.com",
      "rossrocha@qualitern.com"
    ]
  },
  {
    "index": 479,
    "name": "Ortiz",
    "surname": "Whitney",
    "email": [
      "ortizwhitney@qualitern.com",
      "simpsonstout@enervate.com"
    ]
  },
  {
    "index": 480,
    "name": "Sanford",
    "surname": "Perry",
    "email": [
      "sanfordperry@enervate.com",
      "ratliffporter@trollery.com"
    ]
  },
  {
    "index": 481,
    "name": "Chapman",
    "surname": "Cobb",
    "email": [
      "chapmancobb@trollery.com",
      "joyperkins@vortexaco.com"
    ]
  },
  {
    "index": 482,
    "name": "Althea",
    "surname": "Mooney",
    "email": [
      "altheamooney@vortexaco.com",
      "sybilbentley@edecine.com"
    ]
  },
  {
    "index": 483,
    "name": "Maryann",
    "surname": "Evans",
    "email": [
      "maryannevans@edecine.com",
      "harringtonmay@exovent.com"
    ]
  },
  {
    "index": 484,
    "name": "Barron",
    "surname": "Moss",
    "email": [
      "barronmoss@exovent.com",
      "brandycarver@securia.com"
    ]
  },
  {
    "index": 485,
    "name": "Burks",
    "surname": "Downs",
    "email": [
      "burksdowns@securia.com",
      "crosbymurphy@medesign.com"
    ]
  },
  {
    "index": 486,
    "name": "Macdonald",
    "surname": "Jones",
    "email": [
      "macdonaldjones@medesign.com",
      "jacobsonpugh@extragene.com"
    ]
  },
  {
    "index": 487,
    "name": "Alisa",
    "surname": "Middleton",
    "email": [
      "alisamiddleton@extragene.com",
      "wallsbailey@isonus.com"
    ]
  },
  {
    "index": 488,
    "name": "Lillie",
    "surname": "Trevino",
    "email": [
      "lillietrevino@isonus.com",
      "mirandakent@utara.com"
    ]
  },
  {
    "index": 489,
    "name": "Waters",
    "surname": "Rodgers",
    "email": [
      "watersrodgers@utara.com",
      "helgabray@gadtron.com"
    ]
  },
  {
    "index": 490,
    "name": "Lynn",
    "surname": "Cameron",
    "email": [
      "lynncameron@gadtron.com",
      "enidmacdonald@magnafone.com"
    ]
  },
  {
    "index": 491,
    "name": "Janelle",
    "surname": "Burton",
    "email": [
      "janelleburton@magnafone.com",
      "deenaholt@recritube.com"
    ]
  },
  {
    "index": 492,
    "name": "Jodi",
    "surname": "Taylor",
    "email": [
      "joditaylor@recritube.com",
      "rosalindamills@amtas.com"
    ]
  },
  {
    "index": 493,
    "name": "Park",
    "surname": "Holland",
    "email": [
      "parkholland@amtas.com",
      "roxiebryan@singavera.com"
    ]
  },
  {
    "index": 494,
    "name": "Caroline",
    "surname": "Howe",
    "email": [
      "carolinehowe@singavera.com",
      "mayercraig@medmex.com"
    ]
  },
  {
    "index": 495,
    "name": "Mueller",
    "surname": "Thompson",
    "email": [
      "muellerthompson@medmex.com",
      "charityparker@geekmosis.com"
    ]
  },
  {
    "index": 496,
    "name": "Rhoda",
    "surname": "Leach",
    "email": [
      "rhodaleach@geekmosis.com",
      "susannawagner@billmed.com"
    ]
  },
  {
    "index": 497,
    "name": "Shawna",
    "surname": "Townsend",
    "email": [
      "shawnatownsend@billmed.com",
      "maddoxbarton@cemention.com"
    ]
  },
  {
    "index": 498,
    "name": "Strickland",
    "surname": "Lambert",
    "email": [
      "stricklandlambert@cemention.com",
      "carolcrosby@ovium.com"
    ]
  },
  {
    "index": 499,
    "name": "Lara",
    "surname": "Macias",
    "email": [
      "laramacias@ovium.com",
      "weeksgordon@zipak.com"
    ]
  }
]